,Date,Class
0,2016-11-30,1
1,2016-11-30,1
2,2016-11-29,0
3,2016-11-29,0
4,2016-11-28,0
5,2016-11-28,0
6,2016-11-25,0
7,2016-11-24,1
8,2016-11-24,0
9,2016-11-23,1
10,2016-11-23,0
11,2016-11-23,1
12,2016-11-23,-1
13,2016-11-23,0
14,2016-11-22,0
15,2016-11-22,0
16,2016-11-22,0
17,2016-11-21,0
18,2016-11-21,0
19,2016-11-21,0
20,2016-11-21,0
21,2016-11-21,0
22,2016-11-21,0
23,2016-11-18,0
24,2016-11-18,0
25,2016-11-18,1
26,2016-11-18,0
27,2016-11-18,-1
28,2016-11-18,0
29,2016-11-18,0
30,2016-11-18,0
31,2016-11-18,1
32,2016-11-18,0
33,2016-11-17,0
34,2016-11-17,0
35,2016-11-17,1
36,2016-11-17,1
37,2016-11-17,1
38,2016-11-17,1
39,2016-11-17,1
40,2016-11-17,0
41,2016-11-17,0
42,2016-11-17,1
43,2016-11-17,0
44,2016-11-17,0
45,2016-11-17,1
46,2016-11-16,0
47,2016-11-16,0
48,2016-11-16,0
49,2016-11-16,0
50,2016-11-16,0
51,2016-11-16,0
52,2016-11-16,0
53,2016-11-16,0
54,2016-11-16,0
55,2016-11-16,0
56,2016-11-16,0
57,2016-11-16,0
58,2016-11-16,0
59,2016-11-16,0
60,2016-11-16,1
61,2016-11-16,0
62,2016-11-16,0
63,2016-11-16,0
64,2016-11-15,1
65,2016-11-15,0
66,2016-11-15,0
67,2016-11-15,0
68,2016-11-15,1
69,2016-11-15,0
70,2016-11-15,0
71,2016-11-15,0
72,2016-11-15,0
73,2016-11-15,0
74,2016-11-15,0
75,2016-11-15,0
76,2016-11-14,-1
77,2016-11-14,-1
78,2016-11-14,0
79,2016-11-14,0
80,2016-11-14,0
81,2016-11-14,1
82,2016-11-14,0
83,2016-11-14,0
84,2016-11-14,0
85,2016-11-14,0
86,2016-11-14,0
87,2016-11-14,1
88,2016-11-14,0
89,2016-11-14,0
90,2016-11-14,0
91,2016-11-11,0
92,2016-11-11,0
93,2016-11-11,0
94,2016-11-11,1
95,2016-11-10,0
96,2016-11-10,0
97,2016-11-10,0
98,2016-11-10,1
99,2016-11-10,1
100,2016-11-09,0
101,2016-11-09,0
102,2016-11-09,-1
103,2016-11-09,0
104,2016-11-09,0
105,2016-11-09,0
106,2016-11-09,0
107,2016-11-08,0
108,2016-11-08,0
109,2016-11-08,0
110,2016-11-08,0
111,2016-11-08,1
112,2016-11-08,0
113,2016-11-08,0
114,2016-11-07,0
115,2016-11-07,1
116,2016-11-06,0
117,2016-11-05,1
118,2016-11-05,0
119,2016-11-04,0
120,2016-11-04,0
121,2016-11-04,1
122,2016-11-04,0
123,2016-11-04,0
124,2016-11-03,0
125,2016-11-03,-1
126,2016-11-03,0
127,2016-11-03,0
128,2016-11-03,0
129,2016-11-03,0
130,2016-11-03,0
131,2016-11-03,1
132,2016-11-02,0
133,2016-11-02,0
134,2016-11-02,1
135,2016-11-02,0
136,2016-11-02,0
137,2016-11-01,0
138,2016-11-01,0
139,2016-11-01,0
140,2016-11-01,0
141,2016-11-01,0
142,2016-11-01,1
143,2016-11-01,-1
144,2016-11-01,0
145,2016-11-01,0
146,2016-10-31,0
147,2016-10-31,-1
148,2016-10-31,1
149,2016-10-31,0
150,2016-10-30,0
151,2016-10-29,0
152,2016-10-28,-1
153,2016-10-28,-1
154,2016-10-28,0
155,2016-10-27,-1
156,2016-10-27,0
157,2016-10-27,0
158,2016-10-27,0
159,2016-10-27,1
160,2016-10-27,0
161,2016-10-27,0
162,2016-10-27,0
163,2016-10-27,0
164,2016-10-27,0
165,2016-10-27,0
166,2016-10-26,1
167,2016-10-26,0
168,2016-10-26,0
169,2016-10-26,0
170,2016-10-26,0
171,2016-10-26,0
172,2016-10-26,0
173,2016-10-26,0
174,2016-10-26,0
175,2016-10-26,0
176,2016-10-25,0
177,2016-10-25,1
178,2016-10-25,1
179,2016-10-25,1
180,2016-10-25,0
181,2016-10-25,0
182,2016-10-24,0
183,2016-10-24,1
184,2016-10-24,1
185,2016-10-24,0
186,2016-10-24,1
187,2016-10-24,0
188,2016-10-24,-1
189,2016-10-24,0
190,2016-10-24,1
191,2016-10-23,0
192,2016-10-22,0
193,2016-10-22,1
194,2016-10-21,1
195,2016-10-21,0
196,2016-10-21,0
197,2016-10-21,0
198,2016-10-21,0
199,2016-10-21,1
200,2016-10-21,0
201,2016-10-21,-1
202,2016-10-21,1
203,2016-10-21,1
204,2016-10-21,0
205,2016-10-21,1
206,2016-10-21,0
207,2016-10-21,0
208,2016-10-20,0
209,2016-10-20,0
210,2016-10-20,0
211,2016-10-20,1
212,2016-10-20,0
213,2016-10-20,0
214,2016-10-20,0
215,2016-10-20,0
216,2016-10-20,0
217,2016-10-20,0
218,2016-10-20,0
219,2016-10-20,0
220,2016-10-20,0
221,2016-10-20,0
222,2016-10-20,0
223,2016-10-20,0
224,2016-10-20,0
225,2016-10-20,0
226,2016-10-20,0
227,2016-10-20,0
228,2016-10-20,0
229,2016-10-20,0
230,2016-10-20,0
231,2016-10-20,0
232,2016-10-20,0
233,2016-10-20,0
234,2016-10-20,0
235,2016-10-20,0
236,2016-10-20,-1
237,2016-10-20,0
238,2016-10-19,1
239,2016-10-19,0
240,2016-10-19,0
241,2016-10-19,0
242,2016-10-19,0
243,2016-10-19,0
244,2016-10-19,0
245,2016-10-18,0
246,2016-10-18,0
247,2016-10-18,1
248,2016-10-18,0
249,2016-10-18,0
250,2016-10-18,0
251,2016-10-17,0
252,2016-10-17,0
253,2016-10-17,0
254,2016-10-17,0
255,2016-10-17,0
256,2016-10-17,0
257,2016-10-17,0
258,2016-10-17,1
259,2016-10-14,0
260,2016-10-14,0
261,2016-10-14,0
262,2016-10-14,0
263,2016-10-14,0
264,2016-10-14,0
265,2016-10-14,1
266,2016-10-14,0
267,2016-10-14,0
268,2016-10-14,1
269,2016-10-13,0
270,2016-10-13,0
271,2016-10-13,1
272,2016-10-13,0
273,2016-10-13,0
274,2016-10-13,1
275,2016-10-12,0
276,2016-10-12,0
277,2016-10-12,1
278,2016-10-12,0
279,2016-10-12,0
280,2016-10-12,0
281,2016-10-12,1
282,2016-10-12,0
283,2016-10-12,0
284,2016-10-12,0
285,2016-10-12,0
286,2016-10-12,0
287,2016-10-10,0
288,2016-10-10,0
289,2016-10-10,0
290,2016-10-10,0
291,2016-10-10,0
292,2016-10-10,0
293,2016-10-10,0
294,2016-10-10,0
295,2016-10-10,0
296,2016-10-10,0
297,2016-10-08,0
298,2016-10-07,0
299,2016-10-07,0
300,2016-10-07,0
301,2016-10-07,0
302,2016-10-07,0
303,2016-10-07,0
304,2016-10-07,0
305,2016-10-07,0
306,2016-10-07,0
307,2016-10-07,0
308,2016-10-06,0
309,2016-10-06,0
310,2016-10-06,0
311,2016-10-06,1
312,2016-10-06,0
313,2016-10-06,0
314,2016-10-06,0
315,2016-10-06,0
316,2016-10-06,0
317,2016-10-06,0
318,2016-10-06,0
319,2016-10-05,0
320,2016-10-05,0
321,2016-10-05,0
322,2016-10-05,0
323,2016-10-05,0
324,2016-10-05,1
325,2016-10-05,0
326,2016-10-05,0
327,2016-10-05,1
328,2016-10-05,0
329,2016-10-05,0
330,2016-10-05,0
331,2016-10-05,0
332,2016-10-05,0
333,2016-10-04,0
334,2016-10-04,0
335,2016-10-04,0
336,2016-10-04,0
337,2016-10-04,0
338,2016-10-04,0
339,2016-10-04,0
340,2016-10-04,0
341,2016-10-04,0
342,2016-10-04,1
343,2016-10-04,0
344,2016-10-04,1
345,2016-10-04,-1
346,2016-10-04,0
347,2016-10-03,1
348,2016-10-03,0
349,2016-10-03,0
350,2016-10-03,0
351,2016-10-03,0
352,2016-10-03,0
353,2016-10-03,0
354,2016-10-03,0
355,2016-10-03,0
356,2016-10-03,0
357,2016-10-03,0
358,2016-10-03,0
359,2016-10-03,-1
360,2016-10-03,0
361,2016-10-03,-1
362,2016-10-03,-1
363,2016-10-03,1
364,2016-10-03,1
365,2016-10-01,0
366,2016-10-01,1
367,2016-09-30,0
368,2016-09-30,0
369,2016-09-30,0
370,2016-09-30,0
371,2016-09-30,0
372,2016-09-30,1
373,2016-09-30,1
374,2016-09-30,0
375,2016-09-29,-1
376,2016-09-29,0
377,2016-09-29,0
378,2016-09-29,0
379,2016-09-29,0
380,2016-09-29,0
381,2016-09-29,1
382,2016-09-28,0
383,2016-09-28,0
384,2016-09-28,0
385,2016-09-28,0
386,2016-09-28,0
387,2016-09-28,0
388,2016-09-28,0
389,2016-09-28,1
390,2016-09-28,0
391,2016-09-27,0
392,2016-09-27,-1
393,2016-09-27,-1
394,2016-09-27,1
395,2016-09-27,1
396,2016-09-27,1
397,2016-09-27,1
398,2016-09-27,1
399,2016-09-27,1
400,2016-09-27,0
401,2016-09-27,-1
402,2016-09-27,0
403,2016-09-27,0
404,2016-09-27,0
405,2016-09-26,1
406,2016-09-26,0
407,2016-09-26,0
408,2016-09-26,0
409,2016-09-26,-1
410,2016-09-26,0
411,2016-09-26,0
412,2016-09-26,1
413,2016-09-26,0
414,2016-09-26,0
415,2016-09-26,0
416,2016-09-26,0
417,2016-09-26,0
418,2016-09-26,0
419,2016-09-26,0
420,2016-09-26,0
421,2016-09-26,1
422,2016-09-26,0
423,2016-09-26,0
424,2016-09-26,0
425,2016-09-26,0
426,2016-09-26,0
427,2016-09-26,0
428,2016-09-26,0
429,2016-09-26,-1
430,2016-09-26,0
431,2016-09-26,0
432,2016-09-26,0
433,2016-09-26,0
434,2016-09-26,0
435,2016-09-26,0
436,2016-09-26,-1
437,2016-09-24,0
438,2016-09-23,0
439,2016-09-23,0
440,2016-09-23,1
441,2016-09-22,1
442,2016-09-22,0
443,2016-09-22,1
444,2016-09-22,0
445,2016-09-22,0
446,2016-09-22,1
447,2016-09-22,0
448,2016-09-22,0
449,2016-09-22,1
450,2016-09-22,0
451,2016-09-21,1
452,2016-09-21,1
453,2016-09-21,1
454,2016-09-21,1
455,2016-09-21,1
456,2016-09-21,1
457,2016-09-21,1
458,2016-09-21,1
459,2016-09-21,1
460,2016-09-21,0
461,2016-09-21,0
462,2016-09-21,-1
463,2016-09-21,0
464,2016-09-21,1
465,2016-09-21,0
466,2016-09-20,0
467,2016-09-20,0
468,2016-09-20,1
469,2016-09-20,1
470,2016-09-20,1
471,2016-09-20,1
472,2016-09-20,1
473,2016-09-20,0
474,2016-09-20,0
475,2016-09-20,0
476,2016-09-20,0
477,2016-09-20,0
478,2016-09-20,0
479,2016-09-20,-1
480,2016-09-20,0
481,2016-09-20,0
482,2016-09-19,0
483,2016-09-19,0
484,2016-09-19,0
485,2016-09-19,1
486,2016-09-19,0
487,2016-09-18,-1
488,2016-09-16,0
489,2016-09-16,0
490,2016-09-15,0
491,2016-09-15,0
492,2016-09-14,0
493,2016-09-13,0
494,2016-09-13,0
495,2016-09-13,0
496,2016-09-13,-1
497,2016-09-12,0
498,2016-09-12,0
499,2016-09-12,0
500,2016-09-12,0
501,2016-09-12,0
502,2016-09-12,0
503,2016-09-12,0
504,2016-09-12,0
505,2016-09-12,0
506,2016-09-11,0
507,2016-09-09,0
508,2016-09-09,0
509,2016-09-09,0
510,2016-09-09,0
511,2016-09-09,0
512,2016-09-09,0
513,2016-09-09,-1
514,2016-09-09,1
515,2016-09-09,0
516,2016-09-09,0
517,2016-09-09,0
518,2016-09-09,0
519,2016-09-09,0
520,2016-09-09,1
521,2016-09-09,1
522,2016-09-09,0
523,2016-09-08,0
524,2016-09-08,0
525,2016-09-08,0
526,2016-09-08,0
527,2016-09-08,0
528,2016-09-08,0
529,2016-09-08,0
530,2016-09-08,0
531,2016-09-08,0
532,2016-09-08,1
533,2016-09-08,0
534,2016-09-08,0
535,2016-09-08,0
536,2016-09-08,0
537,2016-09-07,1
538,2016-09-07,0
539,2016-09-07,0
540,2016-09-07,0
541,2016-09-07,0
542,2016-09-06,1
543,2016-09-06,1
544,2016-09-06,0
545,2016-09-06,1
546,2016-09-06,1
547,2016-09-06,0
548,2016-09-06,1
549,2016-09-06,0
550,2016-09-06,0
551,2016-09-06,0
552,2016-09-06,0
553,2016-09-06,0
554,2016-09-06,1
555,2016-09-06,1
556,2016-09-05,0
557,2016-09-05,0
558,2016-09-05,-1
559,2016-09-05,0
560,2016-09-05,0
561,2016-09-05,0
562,2016-09-05,0
563,2016-09-05,1
564,2016-09-05,0
565,2016-09-05,0
566,2016-09-02,0
567,2016-09-02,0
568,2016-09-02,0
569,2016-09-02,0
570,2016-09-02,0
571,2016-09-02,-1
572,2016-09-01,-1
573,2016-09-01,-1
574,2016-09-01,-1
575,2016-09-01,-1
576,2016-09-01,-1
577,2016-09-01,-1
578,2016-09-01,-1
579,2016-09-01,-1
580,2016-09-01,0
581,2016-09-01,0
582,2016-09-01,-1
583,2016-09-01,0
584,2016-09-01,0
585,2016-09-01,-1
586,2016-09-01,-1
587,2016-09-01,0
588,2016-08-31,0
589,2016-08-31,0
590,2016-08-30,-1
591,2016-08-30,-1
592,2016-08-30,-1
593,2016-08-30,-1
594,2016-08-30,-1
595,2016-08-30,-1
596,2016-08-30,-1
597,2016-08-30,-1
598,2016-08-30,0
599,2016-08-30,0
600,2016-08-29,0
601,2016-08-25,0
602,2016-08-23,1
603,2016-08-23,0
604,2016-08-22,0
605,2016-08-22,0
606,2016-08-22,0
607,2016-08-22,1
608,2016-08-22,1
609,2016-08-22,1
610,2016-08-20,0
611,2016-08-19,0
612,2016-08-18,0
613,2016-08-18,0
614,2016-08-17,0
615,2016-08-16,0
616,2016-08-16,0
617,2016-08-16,-1
618,2016-08-16,-1
619,2016-08-16,0
620,2016-08-15,0
621,2016-08-15,0
622,2016-08-15,0
623,2016-08-15,0
624,2016-08-12,0
625,2016-08-12,0
626,2016-08-12,0
627,2016-08-12,0
628,2016-08-11,-1
629,2016-08-11,1
630,2016-08-11,1
631,2016-08-11,1
632,2016-08-09,-1
633,2016-08-09,0
634,2016-08-09,1
635,2016-08-07,0
636,2016-08-06,0
637,2016-08-05,0
638,2016-08-04,1
639,2016-08-04,0
640,2016-08-03,0
641,2016-08-02,0
642,2016-08-02,0
643,2016-08-02,0
644,2016-08-02,0
645,2016-08-02,0
646,2016-08-02,0
647,2016-08-02,0
648,2016-08-01,0
649,2016-08-01,0
650,2016-08-01,0
651,2016-08-01,1
652,2016-08-01,0
653,2016-08-01,0
654,2016-08-01,0
655,2016-08-01,0
656,2016-08-01,0
657,2016-07-29,0
658,2016-07-29,0
659,2016-07-29,-1
660,2016-07-29,-1
661,2016-07-28,0
662,2016-07-28,0
663,2016-07-28,0
664,2016-07-28,0
665,2016-07-27,0
666,2016-07-27,1
667,2016-07-27,0
668,2016-07-26,0
669,2016-07-26,-1
670,2016-07-26,0
671,2016-07-26,1
672,2016-07-26,0
673,2016-07-26,0
674,2016-07-25,-1
675,2016-07-25,0
676,2016-07-23,0
677,2016-07-23,0
678,2016-07-22,1
679,2016-07-22,1
680,2016-07-21,0
681,2016-07-20,0
682,2016-07-20,0
683,2016-07-20,1
684,2016-07-20,0
685,2016-07-20,0
686,2016-07-20,0
687,2016-07-19,0
688,2016-07-19,0
689,2016-07-19,0
690,2016-07-19,0
691,2016-07-19,0
692,2016-07-19,0
693,2016-07-19,0
694,2016-07-19,0
695,2016-07-19,0
696,2016-07-19,0
697,2016-07-19,0
698,2016-07-19,0
699,2016-07-19,0
700,2016-07-19,0
701,2016-07-19,0
702,2016-07-19,0
703,2016-07-19,0
704,2016-07-19,0
705,2016-07-19,0
706,2016-07-19,0
707,2016-07-19,0
708,2016-07-19,0
709,2016-07-18,0
710,2016-07-18,0
711,2016-07-17,0
712,2016-07-15,0
713,2016-07-15,0
714,2016-07-15,0
715,2016-07-14,0
716,2016-07-13,0
717,2016-07-12,0
718,2016-07-12,0
719,2016-07-11,0
720,2016-07-11,0
721,2016-07-11,0
722,2016-07-11,0
723,2016-07-10,0
724,2016-07-10,0
725,2016-07-10,0
726,2016-07-08,0
727,2016-07-08,0
728,2016-07-08,1
729,2016-07-07,0
730,2016-07-07,0
731,2016-07-07,0
732,2016-07-07,0
733,2016-07-07,0
734,2016-07-06,0
735,2016-07-05,0
736,2016-07-03,0
737,2016-07-02,0
738,2016-07-01,-1
739,2016-06-30,0
740,2016-06-29,0
741,2016-06-29,0
742,2016-06-28,-1
743,2016-06-28,0
744,2016-06-28,-1
745,2016-06-26,0
746,2016-06-25,0
747,2016-06-23,0
748,2016-06-23,0
749,2016-06-22,0
750,2016-06-22,0
751,2016-06-21,0
752,2016-06-20,0
753,2016-06-19,0
754,2016-06-18,0
755,2016-06-17,-1
756,2016-06-17,1
757,2016-06-17,0
758,2016-06-17,0
759,2016-06-17,0
760,2016-06-17,0
761,2016-06-17,0
762,2016-06-17,0
763,2016-06-17,0
764,2016-06-16,0
765,2016-06-16,0
766,2016-06-16,0
767,2016-06-16,0
768,2016-06-16,0
769,2016-06-16,1
770,2016-06-16,1
771,2016-06-15,0
772,2016-06-15,1
773,2016-06-14,1
774,2016-06-14,0
775,2016-06-13,0
776,2016-06-13,1
777,2016-06-13,0
778,2016-06-13,1
779,2016-06-13,0
780,2016-06-13,-1
781,2016-06-13,0
782,2016-06-13,1
783,2016-06-13,0
784,2016-06-13,1
785,2016-06-13,0
786,2016-06-13,1
787,2016-06-13,0
788,2016-06-13,1
789,2016-06-13,0
790,2016-06-13,0
791,2016-06-13,1
792,2016-06-13,0
793,2016-06-13,0
794,2016-06-10,0
795,2016-06-10,0
796,2016-06-10,0
797,2016-06-10,0
798,2016-06-10,0
799,2016-06-09,0
800,2016-06-09,0
801,2016-06-08,0
802,2016-06-07,0
803,2016-06-07,-1
804,2016-06-07,-1
805,2016-06-06,0
806,2016-06-04,0
807,2016-06-03,1
808,2016-06-03,1
809,2016-06-03,0
810,2016-06-03,1
811,2016-06-03,1
812,2016-06-03,0
813,2016-06-03,1
814,2016-06-03,0
815,2016-06-03,0
816,2016-06-02,0
817,2016-06-01,1
818,2016-06-01,0
819,2016-06-01,0
820,2016-05-31,1
821,2016-05-31,0
822,2016-05-31,0
823,2016-05-27,0
824,2016-05-26,0
825,2016-05-26,0
826,2016-05-26,0
827,2016-05-26,0
828,2016-05-26,0
829,2016-05-25,0
830,2016-05-25,0
831,2016-05-25,0
832,2016-05-25,0
833,2016-05-25,0
834,2016-05-25,0
835,2016-05-25,0
836,2016-05-25,0
837,2016-05-25,0
838,2016-05-25,0
839,2016-05-25,0
840,2016-05-24,0
841,2016-05-24,0
842,2016-05-24,0
843,2016-05-24,0
844,2016-05-24,0
845,2016-05-23,0
846,2016-05-23,0
847,2016-05-22,0
848,2016-05-20,-1
849,2016-05-20,0
850,2016-05-20,1
851,2016-05-20,0
852,2016-05-19,-1
853,2016-05-18,0
854,2016-05-18,0
855,2016-05-18,-1
856,2016-05-18,0
857,2016-05-18,0
858,2016-05-18,0
859,2016-05-18,0
860,2016-05-18,0
861,2016-05-18,0
862,2016-05-17,0
863,2016-05-17,-1
864,2016-05-16,0
865,2016-05-16,0
866,2016-05-16,0
867,2016-05-16,0
868,2016-05-16,0
869,2016-05-15,0
870,2016-05-13,0
871,2016-05-13,0
872,2016-05-12,0
873,2016-05-12,0
874,2016-05-11,0
875,2016-05-11,0
876,2016-05-10,0
877,2016-05-10,0
878,2016-05-10,0
879,2016-05-06,0
880,2016-05-06,-1
881,2016-05-04,0
882,2016-05-04,0
883,2016-05-04,0
884,2016-05-03,1
885,2016-05-03,1
886,2016-05-02,-1
887,2016-05-02,0
888,2016-05-01,0
889,2016-04-29,-1
890,2016-04-29,-1
891,2016-04-29,0
892,2016-04-28,0
893,2016-04-28,0
894,2016-04-27,1
895,2016-04-26,0
896,2016-04-26,0
897,2016-04-26,0
898,2016-04-25,0
899,2016-04-25,0
900,2016-04-25,0
901,2016-04-24,0
902,2016-04-22,0
903,2016-04-22,-1
904,2016-04-22,0
905,2016-04-21,0
906,2016-04-21,0
907,2016-04-21,0
908,2016-04-21,0
909,2016-04-21,0
910,2016-04-21,0
911,2016-04-21,0
912,2016-04-21,0
913,2016-04-21,0
914,2016-04-21,0
915,2016-04-21,0
916,2016-04-21,0
917,2016-04-21,0
918,2016-04-21,0
919,2016-04-21,0
920,2016-04-20,1
921,2016-04-20,0
922,2016-04-20,0
923,2016-04-20,0
924,2016-04-19,1
925,2016-04-19,0
926,2016-04-18,0
927,2016-04-18,0
928,2016-04-15,0
929,2016-04-14,0
930,2016-04-12,0
931,2016-04-11,0
932,2016-04-11,0
933,2016-04-11,0
934,2016-04-11,0
935,2016-04-10,0
936,2016-04-10,0
937,2016-04-08,0
938,2016-04-08,0
939,2016-04-08,0
940,2016-04-08,0
941,2016-04-07,0
942,2016-04-07,0
943,2016-04-07,0
944,2016-04-07,0
945,2016-04-05,1
946,2016-04-02,0
947,2016-03-31,0
948,2016-03-31,0
949,2016-03-31,0
950,2016-03-30,0
951,2016-03-30,0
952,2016-03-30,-1
953,2016-03-30,0
954,2016-03-30,0
955,2016-03-29,0
956,2016-03-28,0
957,2016-03-28,0
958,2016-03-28,0
959,2016-03-27,0
960,2016-03-27,0
961,2016-03-27,0
962,2016-03-26,0
963,2016-03-25,0
964,2016-03-24,0
965,2016-03-24,0
966,2016-03-24,0
967,2016-03-21,0
968,2016-03-20,0
969,2016-03-17,0
970,2016-03-17,0
971,2016-03-15,0
972,2016-03-15,1
973,2016-03-15,0
974,2016-03-14,0
975,2016-03-14,0
976,2016-03-12,0
977,2016-03-11,1
978,2016-03-11,0
979,2016-03-11,0
980,2016-03-11,0
981,2016-03-11,0
982,2016-03-11,0
983,2016-03-10,0
984,2016-03-09,0
985,2016-03-09,0
986,2016-03-09,0
987,2016-03-09,0
988,2016-03-09,0
989,2016-03-09,0
990,2016-03-08,0
991,2016-03-08,0
992,2016-03-07,0
993,2016-03-07,0
994,2016-03-06,0
995,2016-03-04,0
996,2016-03-04,0
997,2016-03-04,0
998,2016-03-03,0
999,2016-03-03,0
1000,2016-03-02,0
1001,2016-03-02,0
1002,2016-03-02,0
1003,2016-03-02,0
1004,2016-03-02,0
1005,2016-03-01,-1
1006,2016-03-01,-1
1007,2016-03-01,-1
1008,2016-03-01,-1
1009,2016-03-01,0
1010,2016-03-01,0
1011,2016-02-29,0
1012,2016-02-29,0
1013,2016-02-29,0
1014,2016-02-29,0
1015,2016-02-29,0
1016,2016-02-28,0
1017,2016-02-26,1
1018,2016-02-25,0
1019,2016-02-25,0
1020,2016-02-25,0
1021,2016-02-25,0
1022,2016-02-24,0
1023,2016-02-24,0
1024,2016-02-24,1
1025,2016-02-19,0
1026,2016-02-19,0
1027,2016-02-18,0
1028,2016-02-18,0
1029,2016-02-16,0
1030,2016-02-12,-1
1031,2016-02-11,0
1032,2016-02-11,0
1033,2016-02-10,0
1034,2016-02-10,-1
1035,2016-02-10,1
1036,2016-02-10,1
1037,2016-02-10,0
1038,2016-02-09,1
1039,2016-02-08,0
1040,2016-02-08,-1
1041,2016-02-08,0
1042,2016-02-08,0
1043,2016-02-08,1
1044,2016-02-05,-1
1045,2016-02-05,0
1046,2016-02-04,-1
1047,2016-02-04,0
1048,2016-02-04,1
1049,2016-02-03,0
1050,2016-02-03,-1
1051,2016-02-03,0
1052,2016-02-03,0
1053,2016-02-03,1
1054,2016-02-03,1
1055,2016-02-02,-1
1056,2016-02-02,1
1057,2016-02-02,0
1058,2016-02-01,1
1059,2016-02-01,1
1060,2016-02-01,0
1061,2016-02-01,1
1062,2016-02-01,1
1063,2016-02-01,0
1064,2016-02-01,1
1065,2016-02-01,0
1066,2016-02-01,1
1067,2016-02-01,0
1068,2016-02-01,0
1069,2016-01-29,0
1070,2016-01-29,0
1071,2016-01-29,0
1072,2016-01-29,0
1073,2016-01-28,0
1074,2016-01-28,0
1075,2016-01-28,0
1076,2016-01-28,0
1077,2016-01-28,0
1078,2016-01-28,0
1079,2016-01-28,0
1080,2016-01-28,0
1081,2016-01-28,0
1082,2016-01-28,0
1083,2016-01-28,0
1084,2016-01-28,0
1085,2016-01-28,0
1086,2016-01-27,0
1087,2016-01-27,0
1088,2016-01-26,1
1089,2016-01-26,0
1090,2016-01-26,0
1091,2016-01-25,0
1092,2016-01-25,0
1093,2016-01-23,0
1094,2016-01-20,0
1095,2016-01-20,0
1096,2016-01-19,0
1097,2016-01-19,0
1098,2016-01-19,0
1099,2016-01-19,0
1100,2016-01-14,0
1101,2016-01-13,1
1102,2016-01-13,1
1103,2016-01-13,-1
1104,2016-01-13,1
1105,2016-01-13,1
1106,2016-01-12,0
1107,2016-01-12,0
1108,2016-01-11,0
1109,2016-01-09,0
1110,2016-01-07,0
1111,2016-01-07,0
1112,2016-01-06,0
1113,2016-01-06,0
1114,2016-01-06,0
1115,2016-01-05,0
1116,2016-01-05,0
1117,2016-01-05,0
1118,2016-01-02,0
1119,2015-12-31,0
1120,2015-12-28,0
1121,2015-12-26,0
1122,2015-12-25,0
1123,2015-12-25,0
1124,2015-12-25,0
1125,2015-12-23,0
1126,2015-12-23,1
1127,2015-12-22,0
1128,2015-12-22,1
1129,2015-12-22,-1
1130,2015-12-21,1
1131,2015-12-21,0
1132,2015-12-19,0
1133,2015-12-18,1
1134,2015-12-18,1
1135,2015-12-18,1
1136,2015-12-17,1
1137,2015-12-11,0
1138,2015-12-11,0
1139,2015-12-11,0
1140,2015-12-11,0
1141,2015-12-11,0
1142,2015-12-11,0
1143,2015-12-09,0
1144,2015-12-09,0
1145,2015-12-09,0
1146,2015-12-09,0
1147,2015-12-08,0
1148,2015-12-04,0
1149,2015-12-03,0
1150,2015-12-03,0
1151,2015-12-03,0
1152,2015-12-03,1
1153,2015-12-03,1
1154,2015-12-03,1
1155,2015-12-03,0
1156,2015-12-03,1
1157,2015-12-03,1
1158,2015-12-03,1
1159,2015-12-03,0
1160,2015-12-03,1
1161,2015-12-03,0
1162,2015-12-03,0
1163,2015-12-02,1
1164,2015-12-02,0
1165,2015-12-02,0
1166,2015-12-01,0
1167,2015-11-30,0
1168,2015-11-30,0
1169,2015-11-30,0
1170,2015-11-30,0
1171,2015-11-30,1
1172,2015-11-25,0
1173,2015-11-24,0
1174,2015-11-20,0
1175,2015-11-19,0
1176,2015-11-19,0
1177,2015-11-19,0
1178,2015-11-19,0
1179,2015-11-18,0
1180,2015-11-18,0
1181,2015-11-18,0
1182,2015-11-18,0
1183,2015-11-17,0
1184,2015-11-16,0
1185,2015-11-16,0
1186,2015-11-16,0
1187,2015-11-16,0
1188,2015-11-16,1
1189,2015-11-16,1
1190,2015-11-14,0
1191,2015-11-13,0
1192,2015-11-12,-1
1193,2015-11-12,-1
1194,2015-11-12,0
1195,2015-11-11,0
1196,2015-11-11,0
1197,2015-11-11,0
1198,2015-11-10,1
1199,2015-11-10,0
1200,2015-11-10,0
1201,2015-11-09,0
1202,2015-11-09,0
1203,2015-11-08,0
1204,2015-11-07,0
1205,2015-11-06,0
1206,2015-11-05,1
1207,2015-11-04,0
1208,2015-11-04,0
1209,2015-11-04,1
1210,2015-11-03,0
1211,2015-10-30,0
1212,2015-10-30,0
1213,2015-10-30,-1
1214,2015-10-30,0
1215,2015-10-29,0
1216,2015-10-29,-1
1217,2015-10-29,-1
1218,2015-10-29,0
1219,2015-10-29,0
1220,2015-10-29,0
1221,2015-10-29,0
1222,2015-10-29,0
1223,2015-10-29,0
1224,2015-10-28,-1
1225,2015-10-28,-1
1226,2015-10-28,0
1227,2015-10-27,0
1228,2015-10-27,-1
1229,2015-10-27,-1
1230,2015-10-27,0
1231,2015-10-27,0
1232,2015-10-26,0
1233,2015-10-24,0
1234,2015-10-24,0
1235,2015-10-23,0
1236,2015-10-23,1
1237,2015-10-23,-1
1238,2015-10-23,0
1239,2015-10-22,0
1240,2015-10-22,0
1241,2015-10-22,0
1242,2015-10-22,0
1243,2015-10-22,0
1244,2015-10-22,0
1245,2015-10-22,0
1246,2015-10-22,1
1247,2015-10-22,0
1248,2015-10-22,0
1249,2015-10-22,0
1250,2015-10-22,0
1251,2015-10-22,0
1252,2015-10-22,0
1253,2015-10-21,0
1254,2015-10-21,0
1255,2015-10-21,0
1256,2015-10-21,1
1257,2015-10-20,0
1258,2015-10-20,1
1259,2015-10-20,0
1260,2015-10-19,0
1261,2015-10-19,0
1262,2015-10-19,0
1263,2015-10-19,0
1264,2015-10-19,0
1265,2015-10-17,0
1266,2015-10-16,0
1267,2015-10-16,0
1268,2015-10-16,0
1269,2015-10-15,0
1270,2015-10-13,0
1271,2015-10-13,1
1272,2015-10-09,0
1273,2015-10-07,0
1274,2015-10-07,0
1275,2015-10-06,1
1276,2015-10-06,-1
1277,2015-10-02,1
1278,2015-10-01,0
1279,2015-10-01,0
1280,2015-10-01,1
1281,2015-09-30,0
1282,2015-09-30,0
1283,2015-09-29,-1
1284,2015-09-29,0
1285,2015-09-29,0
1286,2015-09-29,0
1287,2015-09-29,1
1288,2015-09-29,0
1289,2015-09-28,0
1290,2015-09-28,0
1291,2015-09-28,0
1292,2015-09-28,1
1293,2015-09-28,1
1294,2015-09-28,0
1295,2015-09-22,0
1296,2015-09-19,0
1297,2015-09-18,0
1298,2015-09-17,1
1299,2015-09-17,1
1300,2015-09-17,1
1301,2015-09-17,1
1302,2015-09-17,1
1303,2015-09-17,1
1304,2015-09-17,1
1305,2015-09-17,0
1306,2015-09-17,0
1307,2015-09-16,1
1308,2015-09-16,0
1309,2015-09-16,0
1310,2015-09-16,1
1311,2015-09-16,0
1312,2015-09-15,1
1313,2015-09-15,1
1314,2015-09-15,0
1315,2015-09-14,0
1316,2015-09-12,0
1317,2015-09-11,0
1318,2015-09-11,0
1319,2015-09-11,0
1320,2015-09-11,0
1321,2015-09-11,0
1322,2015-09-11,1
1323,2015-09-11,1
1324,2015-09-11,0
1325,2015-09-09,0
1326,2015-09-09,0
1327,2015-09-09,0
1328,2015-09-08,0
1329,2015-09-08,0
1330,2015-09-08,1
1331,2015-09-08,0
1332,2015-09-08,0
1333,2015-09-08,1
1334,2015-09-07,1
1335,2015-09-05,0
1336,2015-09-04,1
1337,2015-09-04,0
1338,2015-09-04,1
1339,2015-09-04,1
1340,2015-09-04,1
1341,2015-09-04,0
1342,2015-09-04,1
1343,2015-09-04,1
1344,2015-09-03,0
1345,2015-09-03,0
1346,2015-09-01,-1
1347,2015-09-01,-1
1348,2015-09-01,-1
1349,2015-09-01,-1
1350,2015-09-01,-1
1351,2015-09-01,-1
1352,2015-09-01,-1
1353,2015-09-01,1
1354,2015-09-01,0
1355,2015-09-01,0
1356,2015-09-01,0
1357,2015-09-01,0
1358,2015-08-29,0
1359,2015-08-28,0
1360,2015-08-27,0
1361,2015-08-25,0
1362,2015-08-25,0
1363,2015-08-21,0
1364,2015-08-21,0
1365,2015-08-21,0
1366,2015-08-21,0
1367,2015-08-20,0
1368,2015-08-19,0
1369,2015-08-18,0
1370,2015-08-17,-1
1371,2015-08-17,-1
1372,2015-08-15,0
1373,2015-08-14,0
1374,2015-08-13,1
1375,2015-08-12,0
1376,2015-08-07,0
1377,2015-08-06,0
1378,2015-08-06,0
1379,2015-08-05,0
1380,2015-08-05,0
1381,2015-08-05,0
1382,2015-08-05,0
1383,2015-08-04,0
1384,2015-08-04,1
1385,2015-08-04,0
1386,2015-08-03,1
1387,2015-08-03,1
1388,2015-08-01,0
1389,2015-07-31,-1
1390,2015-07-31,0
1391,2015-07-31,0
1392,2015-07-31,0
1393,2015-07-30,-1
1394,2015-07-29,-1
1395,2015-07-29,0
1396,2015-07-28,-1
1397,2015-07-27,0
1398,2015-07-27,0
1399,2015-07-25,0
1400,2015-07-23,0
1401,2015-07-22,0
1402,2015-07-22,0
1403,2015-07-22,0
1404,2015-07-22,0
1405,2015-07-21,0
1406,2015-07-21,0
1407,2015-07-21,0
1408,2015-07-21,0
1409,2015-07-21,0
1410,2015-07-21,0
1411,2015-07-21,0
1412,2015-07-21,0
1413,2015-07-21,0
1414,2015-07-21,0
1415,2015-07-21,0
1416,2015-07-21,0
1417,2015-07-21,1
1418,2015-07-20,0
1419,2015-07-20,0
1420,2015-07-19,1
1421,2015-07-17,0
1422,2015-07-16,0
1423,2015-07-16,0
1424,2015-07-15,0
1425,2015-07-15,0
1426,2015-07-13,0
1427,2015-07-13,0
1428,2015-07-13,1
1429,2015-07-13,0
1430,2015-07-08,0
1431,2015-07-08,0
1432,2015-07-08,0
1433,2015-07-08,0
1434,2015-07-08,0
1435,2015-07-08,-1
1436,2015-07-08,0
1437,2015-07-08,-1
1438,2015-07-07,1
1439,2015-07-07,0
1440,2015-07-07,0
1441,2015-07-04,0
1442,2015-07-02,0
1443,2015-07-02,0
1444,2015-07-01,-1
1445,2015-07-01,0
1446,2015-06-30,0
1447,2015-06-30,1
1448,2015-06-30,1
1449,2015-06-29,0
1450,2015-06-29,0
1451,2015-06-29,0
1452,2015-06-29,1
1453,2015-06-29,0
1454,2015-06-29,0
1455,2015-06-29,0
1456,2015-06-28,0
1457,2015-06-26,-1
1458,2015-06-25,0
1459,2015-06-24,0
1460,2015-06-18,-1
1461,2015-06-18,0
1462,2015-06-17,0
1463,2015-06-17,0
1464,2015-06-17,0
1465,2015-06-16,0
1466,2015-06-15,0
1467,2015-06-15,0
1468,2015-06-12,0
1469,2015-06-12,0
1470,2015-06-12,0
1471,2015-06-12,0
1472,2015-06-11,1
1473,2015-06-10,1
1474,2015-06-10,0
1475,2015-06-10,0
1476,2015-06-09,1
1477,2015-06-09,0
1478,2015-06-04,1
1479,2015-06-04,0
1480,2015-06-04,1
1481,2015-06-04,1
1482,2015-06-04,1
1483,2015-06-04,0
1484,2015-06-04,1
1485,2015-06-04,1
1486,2015-06-04,0
1487,2015-06-03,0
1488,2015-06-03,0
1489,2015-06-03,0
1490,2015-06-03,0
1491,2015-06-03,0
1492,2015-06-03,0
1493,2015-06-03,0
1494,2015-06-02,1
1495,2015-06-02,0
1496,2015-06-01,1
1497,2015-06-01,0
1498,2015-06-01,0
1499,2015-05-27,0
1500,2015-06-02,0
1501,2015-06-02,1
1502,2015-06-02,0
1503,2015-06-01,1
1504,2015-06-01,-1
1505,2015-06-01,0
1506,2015-06-01,0
1507,2015-05-27,0
1508,2015-05-27,0
1509,2015-05-22,0
1510,2015-05-22,0
1511,2015-05-22,0
1512,2015-05-22,0
1513,2015-05-21,0
1514,2015-05-20,-1
1515,2015-05-20,0
1516,2015-05-20,0
1517,2015-05-19,-1
1518,2015-05-19,0
1519,2015-05-18,0
1520,2015-05-18,-1
1521,2015-05-18,-1
1522,2015-05-18,-1
1523,2015-05-16,0
1524,2015-05-15,0
1525,2015-05-15,0
1526,2015-05-13,1
1527,2015-05-11,0
1528,2015-05-09,0
1529,2015-05-08,0
1530,2015-05-08,0
1531,2015-05-07,0
1532,2015-05-06,0
1533,2015-05-06,0
1534,2015-05-05,0
1535,2015-05-05,1
1536,2015-05-04,0
1537,2015-05-04,-1
1538,2015-05-04,0
1539,2015-05-02,0
1540,2015-05-01,0
1541,2015-05-01,0
1542,2015-05-01,0
1543,2015-04-30,0
1544,2015-04-30,0
1545,2015-04-30,0
1546,2015-04-30,0
1547,2015-04-29,0
1548,2015-04-29,0
1549,2015-04-29,0
1550,2015-04-29,0
1551,2015-04-29,0
1552,2015-04-28,-1
1553,2015-04-27,0
1554,2015-04-27,0
1555,2015-04-25,0
1556,2015-04-24,0
1557,2015-04-24,1
1558,2015-04-24,0
1559,2015-04-23,0
1560,2015-04-23,0
1561,2015-04-23,0
1562,2015-04-23,0
1563,2015-04-23,0
1564,2015-04-23,0
1565,2015-04-23,0
1566,2015-04-23,0
1567,2015-04-23,0
1568,2015-04-23,0
1569,2015-04-23,0
1570,2015-04-23,0
1571,2015-04-21,0
1572,2015-04-20,0
1573,2015-04-16,1
1574,2015-04-15,0
1575,2015-04-15,0
1576,2015-04-15,0
1577,2015-04-15,0
1578,2015-04-15,0
1579,2015-04-15,1
1580,2015-04-15,0
1581,2015-04-15,0
1582,2015-04-14,1
1583,2015-04-13,0
1584,2015-04-13,0
1585,2015-04-13,0
1586,2015-04-12,0
1587,2015-04-12,0
1588,2015-04-12,0
1589,2015-04-12,0
1590,2015-04-11,0
1591,2015-04-07,0
1592,2015-04-07,0
1593,2015-04-07,0
1594,2015-04-06,1
1595,2015-04-04,0
1596,2015-04-01,0
1597,2015-03-31,0
1598,2015-03-31,1
1599,2015-03-31,0
1600,2015-03-30,0
1601,2015-03-30,0
1602,2015-03-30,0
1603,2015-03-30,0
1604,2015-03-27,0
1605,2015-03-26,0
1606,2015-03-25,0
1607,2015-03-23,1
1608,2015-03-23,1
1609,2015-03-21,0
1610,2015-03-19,0
1611,2015-03-19,0
1612,2015-03-19,0
1613,2015-03-18,0
1614,2015-03-18,0
1615,2015-03-18,0
1616,2015-03-17,0
1617,2015-03-17,0
1618,2015-03-16,0
1619,2015-03-16,0
1620,2015-03-16,-1
1621,2015-03-15,0
1622,2015-03-14,0
1623,2015-03-13,0
1624,2015-03-13,0
1625,2015-03-13,0
1626,2015-03-13,0
1627,2015-03-12,0
1628,2015-03-10,1
1629,2015-03-06,0
1630,2015-03-06,0
1631,2015-03-04,0
1632,2015-03-04,0
1633,2015-03-03,-1
1634,2015-03-03,-1
1635,2015-03-03,-1
1636,2015-03-03,-1
1637,2015-03-02,0
1638,2015-03-02,0
1639,2015-03-02,0
1640,2015-03-01,0
1641,2015-02-26,0
1642,2015-02-24,0
1643,2015-02-19,0
1644,2015-02-18,0
1645,2015-02-18,0
1646,2015-02-18,-1
1647,2015-02-12,0
1648,2015-02-12,1
1649,2015-02-11,0
1650,2015-02-11,0
1651,2015-02-11,1
1652,2015-02-11,0
1653,2015-02-11,0
1654,2015-02-10,0
1655,2015-02-10,0
1656,2015-02-09,0
1657,2015-02-09,0
1658,2015-02-09,0
1659,2015-02-09,-1
1660,2015-02-09,0
1661,2015-02-09,0
1662,2015-02-09,0
1663,2015-02-09,0
1664,2015-02-09,0
1665,2015-02-06,-1
1666,2015-02-05,-1
1667,2015-02-05,-1
1668,2015-02-04,1
1669,2015-02-04,1
1670,2015-02-04,-1
1671,2015-02-04,0
1672,2015-02-03,-1
1673,2015-02-02,1
1674,2015-02-02,0
1675,2015-02-02,1
1676,2015-02-02,1
1677,2015-02-02,1
1678,2015-02-02,0
1679,2015-02-02,0
1680,2015-02-02,1
1681,2015-02-02,-1
1682,2015-02-02,1
1683,2015-02-02,0
1684,2015-02-01,0
1685,2015-01-31,0
1686,2015-01-30,-1
1687,2015-01-29,1
1688,2015-01-29,0
1689,2015-01-29,-1
1690,2015-01-27,0
1691,2015-01-27,-1
1692,2015-01-27,0
1693,2015-01-27,1
1694,2015-01-27,-1
1695,2015-01-27,-1
1696,2015-01-27,-1
1697,2015-01-27,0
1698,2015-01-27,0
1699,2015-01-27,0
1700,2015-01-27,0
1701,2015-01-27,0
1702,2015-01-26,0
1703,2015-01-26,0
1704,2015-01-26,0
1705,2015-01-26,0
1706,2015-01-26,0
1707,2015-01-26,0
1708,2015-01-26,0
1709,2015-01-26,0
1710,2015-01-26,0
1711,2015-01-26,0
1712,2015-01-26,0
1713,2015-01-25,1
1714,2015-01-24,0
1715,2015-01-24,0
1716,2015-01-23,1
1717,2015-01-23,0
1718,2015-01-22,0
1719,2015-01-22,0
1720,2015-01-22,0
1721,2015-01-22,0
1722,2015-01-22,0
1723,2015-01-22,0
1724,2015-01-22,0
1725,2015-01-22,0
1726,2015-01-21,0
1727,2015-01-21,0
1728,2015-01-21,1
1729,2015-01-20,0
1730,2015-01-20,1
1731,2015-01-19,0
1732,2015-01-19,0
1733,2015-01-16,0
1734,2015-01-15,1
1735,2015-01-14,0
1736,2015-01-14,0
1737,2015-01-14,1
1738,2015-01-14,0
1739,2015-01-14,0
1740,2015-01-14,0
1741,2015-01-14,0
1742,2015-01-12,0
1743,2015-01-12,0
1744,2015-01-12,0
1745,2015-01-07,0
1746,2015-01-05,0
1747,2015-01-05,0
1748,2015-01-05,0
1749,2015-01-05,0
1750,2015-01-05,0
1751,2015-01-03,0
1752,2014-12-31,0
1753,2014-12-25,0
1754,2014-12-25,0
1755,2014-12-25,0
1756,2014-12-23,0
1757,2014-12-23,0
1758,2014-12-22,0
1759,2014-12-19,0
1760,2014-12-19,0
1761,2014-12-19,0
1762,2014-12-16,1
1763,2014-12-16,0
1764,2014-12-12,0
1765,2014-12-12,0
1766,2014-12-12,0
1767,2014-12-12,0
1768,2014-12-12,0
1769,2014-12-11,1
1770,2014-12-10,0
1771,2014-12-10,0
1772,2014-12-09,0
1773,2014-12-05,-1
1774,2014-12-04,0
1775,2014-12-04,0
1776,2014-12-04,1
1777,2014-12-03,1
1778,2014-12-03,1
1779,2014-12-03,0
1780,2014-12-03,1
1781,2014-12-03,1
1782,2014-12-03,1
1783,2014-12-03,0
1784,2014-12-03,1
1785,2014-12-03,0
1786,2014-12-03,1
1787,2014-12-03,1
1788,2014-12-03,0
1789,2014-12-03,0
1790,2014-12-02,1
1791,2014-12-01,0
1792,2014-12-01,1
1793,2014-12-01,0
1794,2014-12-01,1
1795,2014-12-01,0
1796,2014-11-26,1
1797,2014-11-24,-1
1798,2014-11-20,0
1799,2014-11-19,0
1800,2014-11-18,0
1801,2014-11-18,0
1802,2014-11-18,0
1803,2014-11-18,0
1804,2014-11-15,0
1805,2014-11-14,0
1806,2014-11-14,0
1807,2014-11-14,1
1808,2014-11-13,0
1809,2014-11-13,0
1810,2014-11-13,1
1811,2014-11-12,1
1812,2014-11-12,0
1813,2014-11-12,0
1814,2014-11-11,0
1815,2014-11-11,0
1816,2014-11-11,0
1817,2014-11-11,0
1818,2014-11-11,0
1819,2014-11-11,0
1820,2014-11-10,0
1821,2014-11-10,0
1822,2014-11-10,0
1823,2014-11-06,0
1824,2014-11-05,0
1825,2014-11-04,0
1826,2014-11-04,0
1827,2014-11-04,-1
1828,2014-11-04,-1
1829,2014-11-04,0
1830,2014-11-04,0
1831,2014-11-04,0
1832,2014-11-03,-1
1833,2014-10-31,-1
1834,2014-10-30,-1
1835,2014-10-29,1
1836,2014-10-29,0
1837,2014-10-29,1
1838,2014-10-29,-1
1839,2014-10-29,-1
1840,2014-10-29,0
1841,2014-10-29,0
1842,2014-10-28,-1
1843,2014-10-28,-1
1844,2014-10-28,0
1845,2014-10-28,0
1846,2014-10-28,0
1847,2014-10-28,0
1848,2014-10-28,0
1849,2014-10-24,0
1850,2014-10-24,1
1851,2014-10-24,1
1852,2014-10-24,0
1853,2014-10-23,0
1854,2014-10-23,0
1855,2014-10-23,0
1856,2014-10-23,0
1857,2014-10-23,0
1858,2014-10-23,0
1859,2014-10-23,0
1860,2014-10-23,0
1861,2014-10-23,0
1862,2014-10-23,0
1863,2014-10-23,0
1864,2014-10-23,0
1865,2014-10-23,0
1866,2014-10-23,0
1867,2014-10-22,0
1868,2014-10-22,0
1869,2014-10-21,0
1870,2014-10-21,0
1871,2014-10-21,0
1872,2014-10-21,0
1873,2014-10-21,0
1874,2014-10-21,0
1875,2014-10-20,0
1876,2014-10-20,0
1877,2014-10-20,0
1878,2014-10-20,0
1879,2014-10-19,0
1880,2014-10-19,1
1881,2014-10-16,0
1882,2014-10-15,0
1883,2014-10-15,0
1884,2014-10-14,0
1885,2014-10-13,0
1886,2014-10-09,0
1887,2014-10-09,0
1888,2014-10-09,0
1889,2014-10-09,0
1890,2014-10-09,0
1891,2014-10-08,-1
1892,2014-10-08,-1
1893,2014-10-07,1
1894,2014-10-06,0
1895,2014-10-03,0
1896,2014-10-03,0
1897,2014-10-02,0
1898,2014-10-02,0
1899,2014-10-02,0
1900,2014-10-01,0
1901,2014-10-01,0
1902,2014-10-01,0
1903,2014-09-30,0
1904,2014-09-30,-1
1905,2014-09-30,0
1906,2014-09-30,1
1907,2014-09-30,1
1908,2014-09-29,0
1909,2014-09-29,0
1910,2014-09-28,0
1911,2014-09-28,0
1912,2014-09-26,0
1913,2014-09-24,0
1914,2014-09-24,0
1915,2014-09-23,0
1916,2014-09-23,1
1917,2014-09-22,1
1918,2014-09-22,1
1919,2014-09-21,1
1920,2014-09-19,1
1921,2014-09-19,1
1922,2014-09-19,1
1923,2014-09-19,1
1924,2014-09-19,1
1925,2014-09-19,1
1926,2014-09-19,1
1927,2014-09-18,-1
1928,2014-09-17,0
1929,2014-09-16,1
1930,2014-09-16,1
1931,2014-09-16,0
1932,2014-09-16,0
1933,2014-09-15,1
1934,2014-09-15,0
1935,2014-09-15,1
1936,2014-09-15,0
1937,2014-09-14,0
1938,2014-09-12,0
1939,2014-09-12,0
1940,2014-09-12,0
1941,2014-09-10,1
1942,2014-09-10,0
1943,2014-09-10,1
1944,2014-09-09,0
1945,2014-09-09,1
1946,2014-09-05,-1
1947,2014-09-05,0
1948,2014-09-04,0
1949,2014-09-04,0
1950,2014-09-04,0
1951,2014-09-04,0
1952,2014-09-04,0
1953,2014-09-04,0
1954,2014-09-03,-1
1955,2014-09-03,1
1956,2014-09-03,0
1957,2014-09-03,-1
1958,2014-09-03,-1
1959,2014-09-03,-1
1960,2014-09-03,-1
1961,2014-09-03,-1
1962,2014-09-03,-1
1963,2014-09-03,1
1964,2014-09-03,0
1965,2014-09-02,1
1966,2014-08-27,-1
1967,2014-08-26,0
1968,2014-08-26,0
1969,2014-08-26,0
1970,2014-08-25,0
1971,2014-08-21,0
1972,2014-08-20,1
1973,2014-08-20,0
1974,2014-08-20,1
1975,2014-08-20,1
1976,2014-08-20,1
1977,2014-08-20,0
1978,2014-08-20,1
1979,2014-08-20,1
1980,2014-08-20,1
1981,2014-08-20,1
1982,2014-08-20,1
1983,2014-08-19,0
1984,2014-08-19,0
1985,2014-08-18,1
1986,2014-08-15,0
1987,2014-08-15,0
1988,2014-08-15,0
1989,2014-08-15,0
1990,2014-08-14,0
1991,2014-08-14,0
1992,2014-08-11,0
1993,2014-08-11,0
1994,2014-08-11,0
1995,2014-08-11,0
1996,2014-08-11,0
1997,2014-08-11,0
1998,2014-08-11,0
1999,2014-07-31,-1
2000,2014-07-31,0
2001,2014-07-31,0
2002,2014-07-30,0
2003,2014-07-30,-1
2004,2014-07-30,1
2005,2014-07-30,1
2006,2014-07-29,-1
2007,2014-07-29,-1
2008,2014-07-29,-1
2009,2014-07-29,0
2010,2014-07-29,0
2011,2014-07-29,0
2012,2014-07-28,-1
2013,2014-07-28,0
2014,2014-07-28,0
2015,2014-07-28,0
2016,2014-07-28,0
2017,2014-07-28,-1
2018,2014-07-28,-1
2019,2014-07-28,1
2020,2014-07-28,0
2021,2014-07-24,0
2022,2014-07-24,0
2023,2014-07-24,0
2024,2014-07-23,0
2025,2014-07-23,0
2026,2014-07-23,0
2027,2014-07-23,0
2028,2014-07-23,0
2029,2014-07-23,0
2030,2014-07-23,1
2031,2014-07-23,0
2032,2014-07-23,0
2033,2014-07-22,1
2034,2014-07-22,0
2035,2014-07-22,0
2036,2014-07-22,0
2037,2014-07-22,0
2038,2014-07-22,0
2039,2014-07-22,0
2040,2014-07-22,1
2041,2014-07-22,0
2042,2014-07-17,0
2043,2014-07-17,0
2044,2014-07-17,0
2045,2014-07-17,0
2046,2014-07-17,-1
2047,2014-07-17,0
2048,2014-07-17,0
2049,2014-07-16,-1
2050,2014-07-16,0
2051,2014-07-15,0
2052,2014-07-15,0
2053,2014-07-15,0
2054,2014-07-15,0
2055,2014-07-15,1
2056,2014-07-15,1
2057,2014-07-15,0
2058,2014-07-15,0
2059,2014-07-15,1
2060,2014-07-15,0
2061,2014-07-14,-1
2062,2014-07-14,0
2063,2014-07-14,0
2064,2014-07-14,0
2065,2014-07-14,0
2066,2014-07-14,0
2067,2014-07-14,1
2068,2014-07-11,1
2069,2014-07-10,0
2070,2014-07-10,0
2071,2014-07-10,0
2072,2014-07-09,0
2073,2014-07-08,0
2074,2014-07-08,0
2075,2014-07-08,0
2076,2014-07-03,1
2077,2014-07-03,0
2078,2014-07-02,1
2079,2014-07-02,0
2080,2014-07-02,0
2081,2014-07-02,0
2082,2014-07-02,0
2083,2014-07-01,-1
2084,2014-07-01,0
2085,2014-06-30,0
2086,2014-06-29,0
2087,2014-06-29,0
2088,2014-06-27,0
2089,2014-06-27,0
2090,2014-06-27,0
2091,2014-06-26,1
2092,2014-06-26,1
2093,2014-06-26,1
2094,2014-06-26,1
2095,2014-06-25,0
2096,2014-06-25,0
2097,2014-06-25,0
2098,2014-06-25,0
2099,2014-06-24,1
2100,2014-06-24,0
2101,2014-06-24,0
2102,2014-06-24,0
2103,2014-06-24,0
2104,2014-06-24,1
2105,2014-06-23,0
2106,2014-06-23,0
2107,2014-06-18,-1
2108,2014-06-18,0
2109,2014-06-17,0
2110,2014-06-17,1
2111,2014-06-17,0
2112,2014-06-17,0
2113,2014-06-17,0
2114,2014-06-17,0
2115,2014-06-13,0
2116,2014-06-13,0
2117,2014-06-13,0
2118,2014-06-12,1
2119,2014-06-12,0
2120,2014-06-12,0
2121,2014-06-12,0
2122,2014-06-12,0
2123,2014-06-11,0
2124,2014-06-11,0
2125,2014-06-10,1
2126,2014-06-10,0
2127,2014-06-10,1
2128,2014-06-10,0
2129,2014-06-09,0
2130,2014-06-09,0
2131,2014-06-09,0
2132,2014-06-05,0
2133,2014-06-05,0
2134,2014-06-05,1
2135,2014-06-04,0
2136,2014-06-04,-1
2137,2014-06-04,0
2138,2014-06-03,0
2139,2014-06-03,0
2140,2014-06-03,0
2141,2014-06-03,0
2142,2014-06-03,0
2143,2014-06-02,0
2144,2014-06-02,0
2145,2014-05-29,1
2146,2014-05-29,1
2147,2014-05-29,1
2148,2014-05-29,0
2149,2014-05-29,0
2150,2014-05-28,1
2151,2014-05-28,1
2152,2014-05-28,0
2153,2014-05-28,1
2154,2014-05-27,-1
2155,2014-05-27,0
2156,2014-05-27,0
2157,2014-05-21,0
2158,2014-05-20,1
2159,2014-05-20,1
2160,2014-05-20,0
2161,2014-05-20,1
2162,2014-05-20,0
2163,2014-05-20,1
2164,2014-05-20,1
2165,2014-05-20,1
2166,2014-05-20,1
2167,2014-05-20,1
2168,2014-05-20,0
2169,2014-05-20,0
2170,2014-05-20,0
2171,2014-05-20,0
2172,2014-05-20,0
2173,2014-05-19,0
2174,2014-05-19,0
2175,2014-05-19,0
2176,2014-05-16,-1
2177,2014-05-15,0
2178,2014-05-15,1
2179,2014-05-14,0
2180,2014-05-14,0
2181,2014-05-14,0
2182,2014-05-13,0
2183,2014-05-13,0
2184,2014-05-13,1
2185,2014-05-13,0
2186,2014-05-12,0
2187,2014-05-12,1
2188,2014-05-12,0
2189,2014-05-12,0
2190,2014-05-12,1
2191,2014-05-12,0
2192,2014-05-12,0
2193,2014-05-12,0
2194,2014-05-12,0
2195,2014-05-12,0
2196,2014-05-12,-1
2197,2014-05-09,0
2198,2014-05-09,0
2199,2014-05-09,0
2200,2014-05-07,-1
2201,2014-05-06,-1
2202,2014-05-06,-1
2203,2014-05-06,0
2204,2014-05-06,0
2205,2014-05-06,1
2206,2014-05-06,0
2207,2014-05-06,0
2208,2014-05-06,0
2209,2014-05-05,-1
2210,2014-05-05,0
2211,2014-05-05,0
2212,2014-05-05,0
2213,2014-05-02,-1
2214,2014-05-02,0
2215,2014-05-02,0
2216,2014-05-02,1
2217,2014-05-01,0
2218,2014-05-01,-1
2219,2014-05-01,1
2220,2014-05-01,0
2221,2014-05-01,0
2222,2014-05-01,0
2223,2014-04-30,0
2224,2014-04-30,0
2225,2014-04-30,0
2226,2014-04-30,0
2227,2014-04-30,0
2228,2014-04-30,0
2229,2014-04-29,1
2230,2014-04-29,0
2231,2014-04-29,-1
2232,2014-04-29,-1
2233,2014-04-29,0
2234,2014-04-29,0
2235,2014-04-29,0
2236,2014-04-28,0
2237,2014-04-28,0
2238,2014-04-28,-1
2239,2014-04-26,0
2240,2014-04-25,0
2241,2014-04-25,1
2242,2014-04-25,0
2243,2014-04-25,1
2244,2014-04-25,0
2245,2014-04-25,0
2246,2014-04-25,0
2247,2014-04-25,0
2248,2014-04-25,0
2249,2014-04-25,0
2250,2014-04-25,0
2251,2014-04-24,0
2252,2014-04-24,0
2253,2014-04-24,0
2254,2014-04-24,0
2255,2014-04-24,0
2256,2014-04-24,0
2257,2014-04-24,0
2258,2014-04-24,0
2259,2014-04-24,0
2260,2014-04-24,0
2261,2014-04-24,0
2262,2014-04-24,0
2263,2014-04-23,0
2264,2014-04-23,0
2265,2014-04-22,0
2266,2014-04-22,0
2267,2014-04-22,0
2268,2014-04-22,0
2269,2014-04-22,0
2270,2014-04-22,0
2271,2014-04-21,0
2272,2014-04-21,0
2273,2014-04-21,-1
2274,2014-04-21,-1
2275,2014-04-21,0
2276,2014-04-18,1
2277,2014-04-17,1
2278,2014-04-16,0
2279,2014-04-16,0
2280,2014-04-16,0
2281,2014-04-16,0
2282,2014-04-15,0
2283,2014-04-15,1
2284,2014-04-15,0
2285,2014-04-15,1
2286,2014-04-15,0
2287,2014-04-13,-1
2288,2014-04-10,0
2289,2014-04-10,0
2290,2014-04-09,0
2291,2014-04-08,0
2292,2014-04-08,0
2293,2014-04-08,0
2294,2014-04-08,0
2295,2014-04-08,0
2296,2014-04-08,0
2297,2014-04-08,0
2298,2014-04-08,0
2299,2014-04-08,0
2300,2014-04-07,-1
2301,2014-04-07,0
2302,2014-04-07,0
2303,2014-04-07,0
2304,2014-04-07,0
2305,2014-04-07,0
2306,2014-04-06,0
2307,2014-04-03,1
2308,2014-04-03,0
2309,2014-04-03,0
2310,2014-04-03,0
2311,2014-04-03,0
2312,2014-04-03,0
2313,2014-04-03,0
2314,2014-04-03,0
2315,2014-04-03,0
2316,2014-04-02,0
2317,2014-04-02,-1
2318,2014-04-02,0
2319,2014-04-02,0
2320,2014-04-01,0
2321,2014-03-31,0
2322,2014-03-31,0
2323,2014-03-31,0
2324,2014-03-31,0
2325,2014-03-31,0
2326,2014-03-28,0
2327,2014-03-28,0
2328,2014-03-28,0
2329,2014-03-27,0
2330,2014-03-27,0
2331,2014-03-27,0
2332,2014-03-27,0
2333,2014-03-27,1
2334,2014-03-27,0
2335,2014-03-26,0
2336,2014-03-26,0
2337,2014-03-26,0
2338,2014-03-25,0
2339,2014-03-25,0
2340,2014-03-24,-1
2341,2014-03-24,-1
2342,2014-03-21,0
2343,2014-03-21,0
2344,2014-03-20,0
2345,2014-03-20,0
2346,2014-03-20,0
2347,2014-03-19,0
2348,2014-03-19,0
2349,2014-03-19,0
2350,2014-03-19,0
2351,2014-03-18,-1
2352,2014-03-18,0
2353,2014-03-18,0
2354,2014-03-18,0
2355,2014-03-18,0
2356,2014-03-18,0
2357,2014-03-18,0
2358,2014-03-18,-1
2359,2014-03-18,0
2360,2014-03-17,0
2361,2014-03-17,0
2362,2014-03-17,0
2363,2014-03-17,0
2364,2014-03-17,0
2365,2014-03-17,0
2366,2014-03-16,0
2367,2014-03-14,0
2368,2014-03-14,0
2369,2014-03-14,0
2370,2014-03-14,0
2371,2014-03-13,0
2372,2014-03-13,0
2373,2014-03-12,0
2374,2014-03-12,0
2375,2014-03-12,0
2376,2014-03-12,0
2377,2014-03-12,0
2378,2014-03-12,0
2379,2014-03-12,0
2380,2014-03-11,1
2381,2014-03-11,1
2382,2014-03-11,0
2383,2014-03-10,0
2384,2014-03-10,0
2385,2014-03-10,0
2386,2014-03-10,0
2387,2014-03-10,0
2388,2014-03-10,0
2389,2014-03-10,0
2390,2014-03-09,0
2391,2014-03-05,0
2392,2014-03-05,0
2393,2014-03-04,-1
2394,2014-03-04,-1
2395,2014-03-04,-1
2396,2014-03-04,0
2397,2014-03-04,0
2398,2014-03-04,1
2399,2014-03-04,0
2400,2014-03-04,0
2401,2014-03-04,-1
2402,2014-03-04,0
2403,2014-03-04,-1
2404,2014-03-04,-1
2405,2014-03-04,0
2406,2014-03-04,1
2407,2014-03-04,0
2408,2014-03-03,0
2409,2014-03-03,0
2410,2014-03-03,0
2411,2014-03-03,0
2412,2014-03-03,0
2413,2014-02-28,1
2414,2014-02-28,0
2415,2014-02-27,0
2416,2014-02-27,0
2417,2014-02-27,0
2418,2014-02-27,0
2419,2014-02-27,0
2420,2014-02-27,0
2421,2014-02-27,0
2422,2014-02-26,0
2423,2014-02-26,0
2424,2014-02-26,0
2425,2014-02-26,0
2426,2014-02-25,0
2427,2014-02-25,0
2428,2014-02-25,0
2429,2014-02-25,0
2430,2014-02-25,0
2431,2014-02-25,0
2432,2014-02-24,0
2433,2014-02-24,0
2434,2014-02-24,0
2435,2014-02-24,1
2436,2014-02-24,0
2437,2014-02-24,0
2438,2014-02-24,0
2439,2014-02-24,0
2440,2014-02-24,0
2441,2014-02-24,0
2442,2014-02-23,0
2443,2014-02-23,1
2444,2014-02-21,0
2445,2014-02-21,0
2446,2014-02-20,0
2447,2014-02-20,0
2448,2014-02-20,0
2449,2014-02-20,0
2450,2014-02-20,0
2451,2014-02-20,0
2452,2014-02-19,1
2453,2014-02-19,-1
2454,2014-02-19,-1
2455,2014-02-19,1
2456,2014-02-18,-1
2457,2014-02-18,0
2458,2014-02-18,1
2459,2014-02-18,0
2460,2014-02-17,0
2461,2014-02-17,1
2462,2014-02-15,0
2463,2014-02-14,-1
2464,2014-02-14,1
2465,2014-02-14,0
2466,2014-02-14,0
2467,2014-02-14,0
2468,2014-02-14,0
2469,2014-02-14,0
2470,2014-02-13,0
2471,2014-02-13,0
2472,2014-02-13,0
2473,2014-02-12,0
2474,2014-02-12,1
2475,2014-02-12,0
2476,2014-02-12,0
2477,2014-02-12,0
2478,2014-02-11,-1
2479,2014-02-11,0
2480,2014-02-11,0
2481,2014-02-11,0
2482,2014-02-11,0
2483,2014-02-10,0
2484,2014-02-10,0
2485,2014-02-10,1
2486,2014-02-10,0
2487,2014-02-07,0
2488,2014-02-06,-1
2489,2014-02-06,0
2490,2014-02-06,0
2491,2014-02-04,0
2492,2014-02-04,0
2493,2014-02-04,-1
2494,2014-02-04,0
2495,2014-02-04,0
2496,2014-02-04,1
2497,2014-02-04,0
2498,2014-02-04,0
2499,2014-02-04,0
2500,2014-02-04,0
2501,2014-02-04,1
2502,2014-02-04,0
2503,2014-02-04,0
2504,2014-02-04,0
2505,2014-02-03,1
2506,2014-02-03,0
2507,2014-02-03,1
2508,2014-02-03,0
2509,2014-02-03,0
2510,2014-02-03,0
2511,2014-02-03,1
2512,2014-02-03,1
2513,2014-02-03,0
2514,2014-02-03,0
2515,2014-02-02,0
2516,2014-02-01,0
2517,2014-01-31,0
2518,2014-01-31,0
2519,2014-01-31,0
2520,2014-01-31,0
2521,2014-01-31,0
2522,2014-01-31,0
2523,2014-01-30,0
2524,2014-01-30,0
2525,2014-01-30,0
2526,2014-01-30,0
2527,2014-01-30,0
2528,2014-01-30,0
2529,2014-01-29,-1
2530,2014-01-28,0
2531,2014-01-28,0
2532,2014-01-27,0
2533,2014-01-26,0
2534,2014-01-25,0
2535,2014-01-24,0
2536,2014-01-24,0
2537,2014-01-24,0
2538,2014-01-23,1
2539,2014-01-23,0
2540,2014-01-23,0
2541,2014-01-23,0
2542,2014-01-23,0
2543,2014-01-23,0
2544,2014-01-23,0
2545,2014-01-23,0
2546,2014-01-23,0
2547,2014-01-23,0
2548,2014-01-23,0
2549,2014-01-23,0
2550,2014-01-23,0
2551,2014-01-22,-1
2552,2014-01-22,0
2553,2014-01-21,0
2554,2014-01-21,0
2555,2014-01-21,0
2556,2014-01-21,0
2557,2014-01-16,0
2558,2014-01-16,1
2559,2014-01-16,0
2560,2014-01-15,0
2561,2014-01-15,0
2562,2014-01-15,0
2563,2014-01-15,0
2564,2014-01-14,1
2565,2014-01-14,1
2566,2014-01-14,0
2567,2014-01-14,-1
2568,2014-01-13,0
2569,2014-01-13,-1
2570,2014-01-13,1
2571,2014-01-13,0
2572,2014-01-13,0
2573,2014-01-13,0
2574,2014-01-13,0
2575,2014-01-10,0
2576,2014-01-09,0
2577,2014-01-09,0
2578,2014-01-09,0
2579,2014-01-08,0
2580,2014-01-08,0
2581,2014-01-08,0
2582,2014-01-07,0
2583,2014-01-07,0
2584,2014-01-07,0
2585,2014-01-07,1
2586,2014-01-07,1
2587,2014-01-06,1
2588,2014-01-06,0
2589,2014-01-06,1
2590,2014-01-06,0
2591,2014-01-06,0
2592,2014-01-06,1
2593,2014-01-06,0
2594,2014-01-06,-1
2595,2014-01-04,0
2596,2014-01-03,-1
2597,2014-01-03,0
2598,2014-01-03,0
2599,2014-01-03,0
2600,2014-01-02,0
2601,2013-12-31,0
2602,2013-12-27,-1
2603,2013-12-26,0
2604,2013-12-26,0
2605,2013-12-26,0
2606,2013-12-20,0
2607,2013-12-19,0
2608,2013-12-19,0
2609,2013-12-18,0
2610,2013-12-18,0
2611,2013-12-17,0
2612,2013-12-17,0
2613,2013-12-16,1
2614,2013-12-16,-1
2615,2013-12-13,0
2616,2013-12-13,0
2617,2013-12-13,0
2618,2013-12-13,0
2619,2013-12-12,0
2620,2013-12-12,0
2621,2013-12-12,0
2622,2013-12-12,0
2623,2013-12-12,0
2624,2013-12-11,0
2625,2013-12-11,0
2626,2013-12-11,-1
2627,2013-12-11,0
2628,2013-12-10,0
2629,2013-12-10,1
2630,2013-12-09,0
2631,2013-12-09,0
2632,2013-12-06,0
2633,2013-12-06,0
2634,2013-12-06,0
2635,2013-12-06,0
2636,2013-12-05,0
2637,2013-12-05,0
2638,2013-12-05,0
2639,2013-12-05,0
2640,2013-12-05,0
2641,2013-12-05,0
2642,2013-12-05,0
2643,2013-12-05,0
2644,2013-12-04,0
2645,2013-12-04,0
2646,2013-12-04,0
2647,2013-12-04,0
2648,2013-12-04,0
2649,2013-12-04,0
2650,2013-12-03,0
2651,2013-12-03,-1
2652,2013-12-03,0
2653,2013-12-03,0
2654,2013-12-03,0
2655,2013-12-03,0
2656,2013-12-03,0
2657,2013-12-03,0
2658,2013-12-03,0
2659,2013-12-03,1
2660,2013-12-03,1
2661,2013-12-03,0
2662,2013-12-03,0
2663,2013-12-03,0
2664,2013-12-03,0
2665,2013-12-03,0
2666,2013-12-03,0
2667,2013-12-03,0
2668,2013-12-03,0
2669,2013-12-03,0
2670,2013-12-02,-1
2671,2013-12-02,-1
2672,2013-12-02,0
2673,2013-12-02,0
2674,2013-12-02,1
2675,2013-12-02,0
2676,2013-12-02,0
2677,2013-12-02,0
2678,2013-12-02,0
2679,2013-12-02,0
2680,2013-11-27,0
2681,2013-11-27,1
2682,2013-11-26,0
2683,2013-11-26,0
2684,2013-11-26,0
2685,2013-11-26,0
2686,2013-11-26,0
2687,2013-11-26,0
2688,2013-11-25,0
2689,2013-11-25,0
2690,2013-11-25,0
2691,2013-11-25,0
2692,2013-11-23,-1
2693,2013-11-22,0
2694,2013-11-22,0
2695,2013-11-22,1
2696,2013-11-22,0
2697,2013-11-22,0
2698,2013-11-22,0
2699,2013-11-22,0
2700,2013-11-21,0
2701,2013-11-21,0
2702,2013-11-21,0
2703,2013-11-21,0
2704,2013-11-21,0
2705,2013-11-20,0
2706,2013-11-20,0
2707,2013-11-20,0
2708,2013-11-20,0
2709,2013-11-20,0
2710,2013-11-20,0
2711,2013-11-20,0
2712,2013-11-20,0
2713,2013-11-20,0
2714,2013-11-20,0
2715,2013-11-20,0
2716,2013-11-20,0
2717,2013-11-19,1
2718,2013-11-19,0
2719,2013-11-19,1
2720,2013-11-19,0
2721,2013-11-19,1
2722,2013-11-19,0
2723,2013-11-19,1
2724,2013-11-19,1
2725,2013-11-19,1
2726,2013-11-19,1
2727,2013-11-19,0
2728,2013-11-19,0
2729,2013-11-19,0
2730,2013-11-19,0
2731,2013-11-19,1
2732,2013-11-18,0
2733,2013-11-18,-1
2734,2013-11-18,0
2735,2013-11-18,0
2736,2013-11-15,-1
2737,2013-11-15,-1
2738,2013-11-15,1
2739,2013-11-15,0
2740,2013-11-15,0
2741,2013-11-15,0
2742,2013-11-15,0
2743,2013-11-14,0
2744,2013-11-14,0
2745,2013-11-14,0
2746,2013-11-14,1
2747,2013-11-13,0
2748,2013-11-13,0
2749,2013-11-13,0
2750,2013-11-13,0
2751,2013-11-13,0
2752,2013-11-12,0
2753,2013-11-12,0
2754,2013-11-12,0
2755,2013-11-11,0
2756,2013-11-10,0
2757,2013-11-08,0
2758,2013-11-08,0
2759,2013-11-08,0
2760,2013-11-08,0
2761,2013-11-08,0
2762,2013-11-07,-1
2763,2013-11-07,0
2764,2013-11-07,0
2765,2013-11-07,0
2766,2013-11-06,1
2767,2013-11-06,0
2768,2013-11-06,0
2769,2013-11-06,0
2770,2013-11-06,0
2771,2013-11-05,0
2772,2013-11-05,0
2773,2013-11-05,0
2774,2013-11-05,0
2775,2013-11-05,0
2776,2013-11-05,1
2777,2013-11-05,1
2778,2013-11-05,0
2779,2013-11-04,-1
2780,2013-11-04,-1
2781,2013-11-04,0
2782,2013-11-04,0
2783,2013-11-04,0
2784,2013-11-01,-1
2785,2013-11-01,-1
2786,2013-11-01,0
2787,2013-10-31,0
2788,2013-10-31,-1
2789,2013-10-31,0
2790,2013-10-31,1
2791,2013-10-31,0
2792,2013-10-30,0
2793,2013-10-30,-1
2794,2013-10-30,0
2795,2013-10-30,0
2796,2013-10-30,0
2797,2013-10-30,0
2798,2013-10-29,-1
2799,2013-10-29,-1
2800,2013-10-29,0
2801,2013-10-29,0
2802,2013-10-29,0
2803,2013-10-28,0
2804,2013-10-25,-1
2805,2013-10-25,-1
2806,2013-10-25,0
2807,2013-10-25,1
2808,2013-10-25,1
2809,2013-10-24,0
2810,2013-10-24,0
2811,2013-10-24,0
2812,2013-10-24,0
2813,2013-10-24,0
2814,2013-10-24,0
2815,2013-10-24,0
2816,2013-10-24,0
2817,2013-10-24,0
2818,2013-10-24,0
2819,2013-10-24,0
2820,2013-10-24,0
2821,2013-10-24,0
2822,2013-10-24,0
2823,2013-10-24,0
2824,2013-10-24,0
2825,2013-10-24,0
2826,2013-10-23,1
2827,2013-10-22,0
2828,2013-10-22,0
2829,2013-10-22,0
2830,2013-10-21,0
2831,2013-10-21,1
2832,2013-10-21,0
2833,2013-10-21,0
2834,2013-10-18,-1
2835,2013-10-18,0
2836,2013-10-18,0
2837,2013-10-18,1
2838,2013-10-17,0
2839,2013-10-17,0
2840,2013-10-17,0
2841,2013-10-17,0
2842,2013-10-16,0
2843,2013-10-16,0
2844,2013-10-16,1
2845,2013-10-15,0
2846,2013-10-15,0
2847,2013-10-15,-1
2848,2013-10-15,0
2849,2013-10-15,0
2850,2013-10-15,1
2851,2013-10-15,0
2852,2013-10-15,1
2853,2013-10-14,0
2854,2013-10-14,0
2855,2013-10-14,0
2856,2013-10-14,0
2857,2013-10-12,0
2858,2013-10-11,0
2859,2013-10-09,1
2860,2013-10-09,0
2861,2013-10-08,0
2862,2013-10-08,0
2863,2013-10-08,0
2864,2013-10-08,0
2865,2013-10-08,0
2866,2013-10-08,0
2867,2013-10-07,0
2868,2013-10-07,0
2869,2013-10-07,0
2870,2013-10-07,0
2871,2013-10-07,0
2872,2013-10-07,0
2873,2013-10-07,0
2874,2013-10-07,0
2875,2013-10-05,0
2876,2013-10-03,0
2877,2013-10-03,0
2878,2013-10-03,0
2879,2013-10-02,-1
2880,2013-10-02,0
2881,2013-10-01,0
2882,2013-10-01,-1
2883,2013-10-01,0
2884,2013-10-01,0
2885,2013-10-01,0
2886,2013-10-01,0
2887,2013-10-01,-1
2888,2013-10-01,0
2889,2013-09-30,0
2890,2013-09-30,0
2891,2013-09-30,0
2892,2013-09-30,1
2893,2013-09-27,0
2894,2013-09-27,0
2895,2013-09-26,0
2896,2013-09-26,0
2897,2013-09-26,0
2898,2013-09-26,0
2899,2013-09-26,0
2900,2013-09-26,1
2901,2013-09-25,0
2902,2013-09-24,0
2903,2013-09-24,0
2904,2013-09-24,0
2905,2013-09-24,1
2906,2013-09-24,0
2907,2013-09-24,0
2908,2013-09-24,0
2909,2013-09-24,0
2910,2013-09-24,0
2911,2013-09-24,0
2912,2013-09-23,1
2913,2013-09-23,1
2914,2013-09-23,1
2915,2013-09-23,0
2916,2013-09-23,1
2917,2013-09-23,1
2918,2013-09-23,1
2919,2013-09-23,1
2920,2013-09-23,0
2921,2013-09-23,1
2922,2013-09-23,1
2923,2013-09-23,0
2924,2013-09-23,0
2925,2013-09-20,0
2926,2013-09-20,0
2927,2013-09-20,0
2928,2013-09-19,0
2929,2013-09-18,0
2930,2013-09-18,1
2931,2013-09-18,0
2932,2013-09-18,0
2933,2013-09-18,0
2934,2013-09-18,1
2935,2013-09-18,1
2936,2013-09-17,1
2937,2013-09-17,0
2938,2013-09-17,0
2939,2013-09-17,1
2940,2013-09-17,1
2941,2013-09-17,1
2942,2013-09-17,0
2943,2013-09-17,0
2944,2013-09-17,0
2945,2013-09-17,0
2946,2013-09-16,0
2947,2013-09-16,0
2948,2013-09-16,0
2949,2013-09-16,0
2950,2013-09-13,-1
2951,2013-09-13,0
2952,2013-09-13,0
2953,2013-09-13,0
2954,2013-09-13,0
2955,2013-09-13,0
2956,2013-09-13,0
2957,2013-09-13,0
2958,2013-09-13,0
2959,2013-09-13,0
2960,2013-09-12,0
2961,2013-09-12,1
2962,2013-09-12,1
2963,2013-09-11,-1
2964,2013-09-11,0
2965,2013-09-11,0
2966,2013-09-10,0
2967,2013-09-10,-1
2968,2013-09-10,1
2969,2013-09-10,0
2970,2013-09-09,-1
2971,2013-09-09,0
2972,2013-09-09,0
2973,2013-09-09,1
2974,2013-09-06,-1
2975,2013-09-06,-1
2976,2013-09-06,0
2977,2013-09-06,0
2978,2013-09-06,0
2979,2013-09-06,0
2980,2013-09-05,0
2981,2013-09-05,0
2982,2013-09-05,-1
2983,2013-09-05,0
2984,2013-09-04,-1
2985,2013-09-04,-1
2986,2013-09-04,-1
2987,2013-09-04,-1
2988,2013-09-04,-1
2989,2013-09-04,-1
2990,2013-09-04,-1
2991,2013-09-04,-1
2992,2013-09-04,-1
2993,2013-09-04,0
2994,2013-09-03,1
2995,2013-09-03,0
2996,2013-09-03,1
2997,2013-09-03,1
2998,2013-09-03,1
2999,2013-09-03,0
3000,2013-09-03,0
3001,2013-09-03,0
3002,2013-09-03,0
3003,2013-09-03,0
3004,2013-09-03,1
3005,2013-09-03,0
3006,2013-09-03,0
3007,2013-09-02,1
3008,2013-09-02,1
3009,2013-09-02,-1
3010,2013-09-02,1
3011,2013-09-02,-1
3012,2013-09-02,1
3013,2013-09-02,0
3014,2013-09-02,0
3015,2013-09-01,0
3016,2013-08-31,0
3017,2013-08-30,0
3018,2013-08-30,-1
3019,2013-08-30,-1
3020,2013-08-30,-1
3021,2013-08-30,0
3022,2013-08-30,0
3023,2013-08-30,0
3024,2013-08-30,0
3025,2013-08-30,0
3026,2013-08-29,0
3027,2013-08-29,1
3028,2013-08-29,0
3029,2013-08-29,0
3030,2013-08-29,1
3031,2013-08-29,1
3032,2013-08-29,1
3033,2013-08-29,1
3034,2013-08-29,0
3035,2013-08-28,0
3036,2013-08-28,0
3037,2013-08-28,0
3038,2013-08-27,0
3039,2013-08-26,0
3040,2013-08-26,0
3041,2013-08-26,0
3042,2013-08-25,0
3043,2013-08-25,0
3044,2013-08-25,0
3045,2013-08-24,0
3046,2013-08-23,0
3047,2013-08-23,0
3048,2013-08-23,0
3049,2013-08-23,0
3050,2013-08-23,0
3051,2013-08-23,0
3052,2013-08-22,0
3053,2013-08-22,0
3054,2013-08-22,1
3055,2013-08-21,0
3056,2013-08-21,0
3057,2013-08-21,0
3058,2013-08-21,0
3059,2013-08-21,0
3060,2013-08-20,0
3061,2013-08-20,0
3062,2013-08-20,0
3063,2013-08-20,0
3064,2013-08-20,0
3065,2013-08-20,0
3066,2013-08-20,0
3067,2013-08-20,0
3068,2013-08-20,0
3069,2013-08-19,1
3070,2013-08-19,0
3071,2013-08-19,1
3072,2013-08-15,0
3073,2013-08-15,0
3074,2013-08-15,0
3075,2013-08-14,0
3076,2013-08-14,0
3077,2013-08-14,0
3078,2013-08-13,0
3079,2013-08-13,0
3080,2013-08-13,0
3081,2013-08-13,0
3082,2013-08-13,-1
3083,2013-08-12,0
3084,2013-08-08,0
3085,2013-08-08,1
3086,2013-08-08,1
3087,2013-08-07,0
3088,2013-08-07,0
3089,2013-08-07,0
3090,2013-08-07,0
3091,2013-08-07,0
3092,2013-08-06,-1
3093,2013-08-05,0
3094,2013-08-05,-1
3095,2013-08-02,-1
3096,2013-08-02,0
3097,2013-08-02,0
3098,2013-08-02,0
3099,2013-08-02,0
3100,2013-07-31,0
3101,2013-07-30,0
3102,2013-07-30,0
3103,2013-07-30,0
3104,2013-07-30,0
3105,2013-07-29,-1
3106,2013-07-26,0
3107,2013-07-24,0
3108,2013-07-24,0
3109,2013-07-24,0
3110,2013-07-23,0
3111,2013-07-23,0
3112,2013-07-22,1
3113,2013-07-22,0
3114,2013-07-19,0
3115,2013-07-19,0
3116,2013-07-19,0
3117,2013-07-19,-1
3118,2013-07-19,-1
3119,2013-07-19,0
3120,2013-07-18,0
3121,2013-07-18,0
3122,2013-07-18,0
3123,2013-07-18,0
3124,2013-07-18,0
3125,2013-07-18,0
3126,2013-07-18,0
3127,2013-07-18,0
3128,2013-07-17,0
3129,2013-07-17,0
3130,2013-07-16,0
3131,2013-07-16,0
3132,2013-07-15,0
3133,2013-07-15,0
3134,2013-07-12,0
3135,2013-07-11,0
3136,2013-07-11,0
3137,2013-07-11,0
3138,2013-07-11,0
3139,2013-07-11,0
3140,2013-07-11,0
3141,2013-07-11,0
3142,2013-07-11,0
3143,2013-07-10,0
3144,2013-07-10,0
3145,2013-07-10,0
3146,2013-07-10,0
3147,2013-07-10,0
3148,2013-07-09,0
3149,2013-07-09,0
3150,2013-07-09,0
3151,2013-07-09,0
3152,2013-07-09,0
3153,2013-07-09,0
3154,2013-07-09,0
3155,2013-07-09,1
3156,2013-07-08,0
3157,2013-07-08,0
3158,2013-07-08,0
3159,2013-07-08,0
3160,2013-07-08,0
3161,2013-07-08,0
3162,2013-07-08,0
3163,2013-07-08,0
3164,2013-07-08,1
3165,2013-07-07,0
3166,2013-07-07,0
3167,2013-07-05,1
3168,2013-07-03,0
3169,2013-07-02,0
3170,2013-07-02,0
3171,2013-07-02,0
3172,2013-07-01,0
3173,2013-07-01,0
3174,2013-07-01,0
3175,2013-07-01,0
3176,2013-07-01,0
3177,2013-07-01,0
3178,2013-06-28,0
3179,2013-06-28,0
3180,2013-06-28,0
3181,2013-06-27,0
3182,2013-06-27,0
3183,2013-06-27,0
3184,2013-06-27,0
3185,2013-06-26,0
3186,2013-06-26,0
3187,2013-06-26,0
3188,2013-06-26,0
3189,2013-06-26,0
3190,2013-06-26,0
3191,2013-06-25,0
3192,2013-06-25,1
3193,2013-06-25,0
3194,2013-06-25,0
3195,2013-06-25,0
3196,2013-06-25,0
3197,2013-06-24,0
3198,2013-06-24,1
3199,2013-06-24,0
3200,2013-06-24,0
3201,2013-06-24,0
3202,2013-06-23,0
3203,2013-06-21,0
3204,2013-06-21,0
3205,2013-06-20,0
3206,2013-06-20,0
3207,2013-06-20,0
3208,2013-06-20,0
3209,2013-06-19,0
3210,2013-06-19,0
3211,2013-06-19,1
3212,2013-06-19,0
3213,2013-06-18,0
3214,2013-06-18,1
3215,2013-06-18,0
3216,2013-06-18,0
3217,2013-06-17,0
3218,2013-06-17,0
3219,2013-06-17,0
3220,2013-06-17,0
3221,2013-06-14,0
3222,2013-06-14,0
3223,2013-06-14,0
3224,2013-06-14,0
3225,2013-06-13,0
3226,2013-06-13,1
3227,2013-06-12,1
3228,2013-06-12,1
3229,2013-06-12,0
3230,2013-06-11,0
3231,2013-06-11,0
3232,2013-06-11,0
3233,2013-06-11,0
3234,2013-06-10,0
3235,2013-06-10,0
3236,2013-06-10,0
3237,2013-06-10,0
3238,2013-06-10,0
3239,2013-06-10,0
3240,2013-06-07,0
3241,2013-06-07,0
3242,2013-06-07,0
3243,2013-06-06,0
3244,2013-06-06,0
3245,2013-06-05,0
3246,2013-06-05,0
3247,2013-06-05,0
3248,2013-06-05,0
3249,2013-06-05,0
3250,2013-06-04,0
3251,2013-06-04,0
3252,2013-06-04,0
3253,2013-06-04,0
3254,2013-06-04,0
3255,2013-06-04,0
3256,2013-06-04,0
3257,2013-06-03,0
3258,2013-06-03,0
3259,2013-06-03,1
3260,2013-06-03,1
3261,2013-06-03,0
3262,2013-06-03,0
3263,2013-06-03,1
3264,2013-06-03,0
3265,2013-06-03,0
3266,2013-05-30,0
3267,2013-05-30,0
3268,2013-05-30,1
3269,2013-05-30,0
3270,2013-05-30,1
3271,2013-05-30,0
3272,2013-05-30,1
3273,2013-05-30,1
3274,2013-05-30,0
3275,2013-05-30,0
3276,2013-05-30,-1
3277,2013-05-29,0
3278,2013-05-29,0
3279,2013-05-29,0
3280,2013-05-29,0
3281,2013-05-29,0
3282,2013-05-29,0
3283,2013-05-29,0
3284,2013-05-29,0
3285,2013-05-28,0
3286,2013-05-28,1
3287,2013-05-28,1
3288,2013-05-28,0
3289,2013-05-28,0
3290,2013-05-28,0
3291,2013-05-28,0
3292,2013-05-24,0
3293,2013-05-24,-1
3294,2013-05-23,0
3295,2013-05-23,0
3296,2013-05-23,0
3297,2013-05-22,0
3298,2013-05-22,0
3299,2013-05-22,0
3300,2013-05-22,0
3301,2013-05-22,0
3302,2013-05-22,0
3303,2013-05-22,0
3304,2013-05-21,0
3305,2013-05-21,0
3306,2013-05-21,0
3307,2013-05-21,1
3308,2013-05-21,1
3309,2013-05-21,1
3310,2013-05-21,0
3311,2013-05-21,0
3312,2013-05-21,1
3313,2013-05-20,0
3314,2013-05-20,0
3315,2013-05-20,0
3316,2013-05-19,0
3317,2013-05-17,0
3318,2013-05-17,1
3319,2013-05-17,0
3320,2013-05-17,0
3321,2013-05-17,0
3322,2013-05-17,0
3323,2013-05-17,1
3324,2013-05-16,0
3325,2013-05-15,0
3326,2013-05-14,0
3327,2013-05-14,0
3328,2013-05-14,0
3329,2013-05-14,0
3330,2013-05-14,0
3331,2013-05-14,1
3332,2013-05-14,0
3333,2013-05-13,0
3334,2013-05-13,0
3335,2013-05-13,0
3336,2013-05-13,0
3337,2013-05-10,0
3338,2013-05-09,0
3339,2013-05-08,0
3340,2013-05-08,0
3341,2013-05-07,0
3342,2013-05-07,0
3343,2013-05-07,0
3344,2013-05-07,0
3345,2013-05-07,0
3346,2013-05-07,0
3347,2013-05-06,1
3348,2013-05-05,0
3349,2013-05-05,0
3350,2013-05-04,0
3351,2013-05-03,0
3352,2013-05-03,0
3353,2013-05-02,0
3354,2013-05-01,0
3355,2013-04-30,0
3356,2013-04-30,0
3357,2013-04-30,-1
3358,2013-04-30,0
3359,2013-04-30,0
3360,2013-04-30,1
3361,2013-04-29,0
3362,2013-04-29,1
3363,2013-04-29,0
3364,2013-04-29,0
3365,2013-04-28,0
3366,2013-04-26,0
3367,2013-04-26,0
3368,2013-04-26,0
3369,2013-04-26,0
3370,2013-04-25,0
3371,2013-04-25,0
3372,2013-04-25,0
3373,2013-04-25,-1
3374,2013-04-25,0
3375,2013-04-25,0
3376,2013-04-25,0
3377,2013-04-25,0
3378,2013-04-25,0
3379,2013-04-25,0
3380,2013-04-25,0
3381,2013-04-25,0
3382,2013-04-25,0
3383,2013-04-25,0
3384,2013-04-24,0
3385,2013-04-24,-1
3386,2013-04-24,0
3387,2013-04-24,0
3388,2013-04-24,0
3389,2013-04-23,-1
3390,2013-04-23,0
3391,2013-04-23,0
3392,2013-04-23,0
3393,2013-04-23,0
3394,2013-04-22,0
3395,2013-04-22,0
3396,2013-04-22,0
3397,2013-04-19,1
3398,2013-04-19,0
3399,2013-04-18,0
3400,2013-04-18,0
3401,2013-04-18,0
3402,2013-04-18,0
3403,2013-04-18,0
3404,2013-04-18,0
3405,2013-04-18,0
3406,2013-04-18,0
3407,2013-04-18,0
3408,2013-04-18,0
3409,2013-04-18,0
3410,2013-04-18,0
3411,2013-04-18,0
3412,2013-04-18,0
3413,2013-04-18,1
3414,2013-04-18,0
3415,2013-04-17,0
3416,2013-04-17,0
3417,2013-04-17,0
3418,2013-04-16,0
3419,2013-04-16,0
3420,2013-04-16,1
3421,2013-04-15,0
3422,2013-04-14,0
3423,2013-04-12,-1
3424,2013-04-11,0
3425,2013-04-11,0
3426,2013-04-11,0
3427,2013-04-11,0
3428,2013-04-11,-1
3429,2013-04-11,-1
3430,2013-04-11,0
3431,2013-04-11,0
3432,2013-04-10,-1
3433,2013-04-10,0
3434,2013-04-10,0
3435,2013-04-10,0
3436,2013-04-09,0
3437,2013-04-09,0
3438,2013-04-09,1
3439,2013-04-09,0
3440,2013-04-09,0
3441,2013-04-08,0
3442,2013-04-08,0
3443,2013-04-08,1
3444,2013-04-08,0
3445,2013-04-08,1
3446,2013-04-08,1
3447,2013-04-08,0
3448,2013-04-08,1
3449,2013-04-08,1
3450,2013-04-08,0
3451,2013-04-04,-1
3452,2013-04-04,0
3453,2013-04-03,0
3454,2013-04-03,0
3455,2013-04-02,0
3456,2013-04-02,0
3457,2013-04-02,0
3458,2013-04-02,0
3459,2013-04-01,0
3460,2013-04-01,0
3461,2013-03-29,0
3462,2013-03-29,0
3463,2013-03-29,0
3464,2013-03-29,0
3465,2013-03-29,0
3466,2013-03-28,0
3467,2013-03-27,0
3468,2013-03-27,0
3469,2013-03-27,0
3470,2013-03-27,0
3471,2013-03-26,1
3472,2013-03-26,0
3473,2013-03-26,1
3474,2013-03-26,0
3475,2013-03-25,0
3476,2013-03-25,0
3477,2013-03-23,0
3478,2013-03-22,0
3479,2013-03-20,0
3480,2013-03-20,0
3481,2013-03-20,1
3482,2013-03-20,0
3483,2013-03-19,1
3484,2013-03-19,0
3485,2013-03-19,0
3486,2013-03-19,0
3487,2013-03-19,0
3488,2013-03-19,0
3489,2013-03-19,0
3490,2013-03-19,1
3491,2013-03-18,1
3492,2013-03-15,0
3493,2013-03-15,0
3494,2013-03-15,0
3495,2013-03-15,0
3496,2013-03-14,0
3497,2013-03-14,0
3498,2013-03-14,0
3499,2013-03-14,0
3500,2013-03-14,0
3501,2013-03-14,0
3502,2013-03-14,0
3503,2013-03-13,0
3504,2013-03-13,0
3505,2013-03-13,0
3506,2013-03-13,0
3507,2013-03-13,0
3508,2013-03-13,0
3509,2013-03-12,0
3510,2013-03-11,1
3511,2013-03-11,1
3512,2013-03-11,0
3513,2013-03-11,0
3514,2013-03-11,0
3515,2013-03-08,0
3516,2013-03-08,0
3517,2013-03-07,0
3518,2013-03-07,0
3519,2013-03-07,0
3520,2013-03-07,1
3521,2013-03-07,-1
3522,2013-03-06,1
3523,2013-03-06,-1
3524,2013-03-06,-1
3525,2013-03-06,-1
3526,2013-03-06,0
3527,2013-03-05,-1
3528,2013-03-05,0
3529,2013-03-05,0
3530,2013-03-04,0
3531,2013-03-04,0
3532,2013-03-04,0
3533,2013-03-04,0
3534,2013-03-04,0
3535,2013-03-04,0
3536,2013-03-01,0
3537,2013-02-28,0
3538,2013-02-28,-1
3539,2013-02-28,0
3540,2013-02-28,0
3541,2013-02-28,0
3542,2013-02-28,0
3543,2013-02-28,0
3544,2013-02-28,0
3545,2013-02-27,0
3546,2013-02-27,0
3547,2013-02-27,0
3548,2013-02-27,0
3549,2013-02-27,0
3550,2013-02-27,0
3551,2013-02-27,0
3552,2013-02-27,0
3553,2013-02-27,0
3554,2013-02-27,0
3555,2013-02-27,0
3556,2013-02-27,0
3557,2013-02-27,0
3558,2013-02-27,1
3559,2013-02-27,0
3560,2013-02-27,0
3561,2013-02-26,0
3562,2013-02-26,0
3563,2013-02-25,0
3564,2013-02-25,0
3565,2013-02-25,0
3566,2013-02-25,0
3567,2013-02-25,0
3568,2013-02-25,0
3569,2013-02-24,0
3570,2013-02-24,0
3571,2013-02-24,0
3572,2013-02-24,0
3573,2013-02-23,0
3574,2013-02-23,1
3575,2013-02-23,0
3576,2013-02-21,0
3577,2013-02-21,0
3578,2013-02-21,0
3579,2013-02-20,1
3580,2013-02-20,1
3581,2013-02-20,0
3582,2013-02-20,0
3583,2013-02-19,0
3584,2013-02-19,0
3585,2013-02-19,0
3586,2013-02-19,0
3587,2013-02-19,0
3588,2013-02-19,1
3589,2013-02-19,1
3590,2013-02-18,0
3591,2013-02-18,0
3592,2013-02-15,1
3593,2013-02-15,0
3594,2013-02-15,0
3595,2013-02-15,0
3596,2013-02-15,0
3597,2013-02-15,0
3598,2013-02-14,-1
3599,2013-02-14,0
3600,2013-02-14,0
3601,2013-02-14,1
3602,2013-02-14,0
3603,2013-02-14,0
3604,2013-02-14,0
3605,2013-02-13,0
3606,2013-02-13,0
3607,2013-02-13,0
3608,2013-02-13,0
3609,2013-02-13,0
3610,2013-02-13,0
3611,2013-02-13,0
3612,2013-02-12,0
3613,2013-02-12,0
3614,2013-02-12,0
3615,2013-02-11,0
3616,2013-02-11,0
3617,2013-02-11,0
3618,2013-02-11,1
3619,2013-02-10,0
3620,2013-02-08,0
3621,2013-02-07,-1
3622,2013-02-06,0
3623,2013-02-06,-1
3624,2013-02-06,1
3625,2013-02-06,0
3626,2013-02-06,0
3627,2013-02-06,0
3628,2013-02-06,0
3629,2013-02-05,1
3630,2013-02-05,-1
3631,2013-02-05,0
3632,2013-02-05,0
3633,2013-02-05,0
3634,2013-02-05,0
3635,2013-02-05,1
3636,2013-02-05,0
3637,2013-02-04,0
3638,2013-02-04,0
3639,2013-02-04,-1
3640,2013-02-04,0
3641,2013-02-04,0
3642,2013-02-04,0
3643,2013-02-04,0
3644,2013-02-04,0
3645,2013-02-04,0
3646,2013-02-01,1
3647,2013-02-01,0
3648,2013-02-01,1
3649,2013-02-01,0
3650,2013-02-01,1
3651,2013-02-01,0
3652,2013-02-01,1
3653,2013-02-01,1
3654,2013-02-01,0
3655,2013-01-31,0
3656,2013-01-31,0
3657,2013-01-30,-1
3658,2013-01-30,-1
3659,2013-01-30,0
3660,2013-01-30,0
3661,2013-01-30,0
3662,2013-01-30,0
3663,2013-01-30,0
3664,2013-01-30,0
3665,2013-01-30,0
3666,2013-01-29,0
3667,2013-01-29,0
3668,2013-01-29,0
3669,2013-01-29,0
3670,2013-01-29,0
3671,2013-01-29,0
3672,2013-01-29,0
3673,2013-01-29,0
3674,2013-01-29,0
3675,2013-01-29,-1
3676,2013-01-29,0
3677,2013-01-28,0
3678,2013-01-28,0
3679,2013-01-25,0
3680,2013-01-24,0
3681,2013-01-24,0
3682,2013-01-24,0
3683,2013-01-24,0
3684,2013-01-24,0
3685,2013-01-24,0
3686,2013-01-24,0
3687,2013-01-24,0
3688,2013-01-24,0
3689,2013-01-24,0
3690,2013-01-24,0
3691,2013-01-24,0
3692,2013-01-24,0
3693,2013-01-23,0
3694,2013-01-23,0
3695,2013-01-23,0
3696,2013-01-23,0
3697,2013-01-22,1
3698,2013-01-22,0
3699,2013-01-22,0
3700,2013-01-22,0
3701,2013-01-22,0
3702,2013-01-22,0
3703,2013-01-22,0
3704,2013-01-21,0
3705,2013-01-18,0
3706,2013-01-17,1
3707,2013-01-16,0
3708,2013-01-15,0
3709,2013-01-15,0
3710,2013-01-15,1
3711,2013-01-15,0
3712,2013-01-15,0
3713,2013-01-14,0
3714,2013-01-14,0
3715,2013-01-11,0
3716,2013-01-10,0
3717,2013-01-10,0
3718,2013-01-10,-1
3719,2013-01-10,0
3720,2013-01-09,0
3721,2013-01-08,0
3722,2013-01-08,0
3723,2013-01-08,1
3724,2013-01-08,0
3725,2013-01-08,0
3726,2013-01-08,0
3727,2013-01-08,0
3728,2013-01-08,0
3729,2013-01-08,0
3730,2013-01-08,0
3731,2013-01-08,0
3732,2013-01-07,0
3733,2013-01-07,0
3734,2013-01-07,0
3735,2013-01-07,1
3736,2013-01-07,0
3737,2013-01-07,0
3738,2013-01-07,0
3739,2013-01-07,0
3740,2013-01-07,1
3741,2013-01-07,0
3742,2013-01-06,0
3743,2013-01-04,0
3744,2013-01-04,-1
3745,2013-01-03,0
3746,2013-01-03,0
3747,2013-01-02,1
3748,2013-01-02,0
3749,2012-12-31,0
3750,2012-12-28,0
3751,2012-12-28,0
3752,2012-12-28,0
3753,2012-12-28,0
3754,2012-12-26,0
3755,2012-12-24,1
3756,2012-12-21,0
3757,2012-12-20,0
3758,2012-12-19,0
3759,2012-12-19,0
3760,2012-12-19,0
3761,2012-12-19,0
3762,2012-12-19,0
3763,2012-12-19,0
3764,2012-12-18,0
3765,2012-12-18,0
3766,2012-12-17,0
3767,2012-12-17,0
3768,2012-12-14,0
3769,2012-12-14,0
3770,2012-12-14,0
3771,2012-12-14,0
3772,2012-12-13,0
3773,2012-12-13,0
3774,2012-12-13,0
3775,2012-12-13,0
3776,2012-12-12,1
3777,2012-12-12,1
3778,2012-12-11,0
3779,2012-12-11,1
3780,2012-12-11,0
3781,2012-12-11,0
3782,2012-12-11,0
3783,2012-12-11,0
3784,2012-12-11,0
3785,2012-12-10,0
3786,2012-12-10,0
3787,2012-12-10,0
3788,2012-12-10,0
3789,2012-12-09,0
3790,2012-12-05,0
3791,2012-12-05,1
3792,2012-12-04,1
3793,2012-12-04,0
3794,2012-12-04,0
3795,2012-12-04,0
3796,2012-12-04,0
3797,2012-12-04,0
3798,2012-12-04,0
3799,2012-12-04,0
3800,2012-12-03,0
3801,2012-12-03,0
3802,2012-12-03,0
3803,2012-12-03,0
3804,2012-12-03,0
3805,2012-12-02,0
3806,2012-12-02,0
3807,2012-12-01,0
3808,2012-11-30,0
3809,2012-11-30,0
3810,2012-11-30,0
3811,2012-11-30,0
3812,2012-11-29,0
3813,2012-11-29,0
3814,2012-11-29,1
3815,2012-11-29,0
3816,2012-11-29,1
3817,2012-11-29,1
3818,2012-11-29,0
3819,2012-11-29,1
3820,2012-11-29,1
3821,2012-11-29,1
3822,2012-11-29,0
3823,2012-11-29,0
3824,2012-11-29,0
3825,2012-11-28,-1
3826,2012-11-28,1
3827,2012-11-28,0
3828,2012-11-28,0
3829,2012-11-27,0
3830,2012-11-27,0
3831,2012-11-27,0
3832,2012-11-27,0
3833,2012-11-27,0
3834,2012-11-27,0
3835,2012-11-27,0
3836,2012-11-27,0
3837,2012-11-27,0
3838,2012-11-27,1
3839,2012-11-27,0
3840,2012-11-27,0
3841,2012-11-26,0
3842,2012-11-26,0
3843,2012-11-25,1
3844,2012-11-20,0
3845,2012-11-20,0
3846,2012-11-19,0
3847,2012-11-19,0
3848,2012-11-19,0
3849,2012-11-19,0
3850,2012-11-16,0
3851,2012-11-15,-1
3852,2012-11-15,0
3853,2012-11-15,0
3854,2012-11-15,0
3855,2012-11-14,0
3856,2012-11-14,0
3857,2012-11-14,0
3858,2012-11-14,0
3859,2012-11-14,0
3860,2012-11-13,0
3861,2012-11-13,0
3862,2012-11-13,0
3863,2012-11-13,0
3864,2012-11-13,0
3865,2012-11-13,0
3866,2012-11-13,0
3867,2012-11-13,0
3868,2012-11-13,0
3869,2012-11-12,0
3870,2012-11-12,0
3871,2012-11-12,1
3872,2012-11-12,0
3873,2012-11-12,0
3874,2012-11-12,0
3875,2012-11-12,0
3876,2012-11-09,0
3877,2012-11-08,0
3878,2012-11-07,0
3879,2012-11-07,0
3880,2012-11-07,0
3881,2012-11-07,0
3882,2012-11-07,1
3883,2012-11-06,0
3884,2012-11-06,0
3885,2012-11-06,0
3886,2012-11-06,0
3887,2012-11-05,0
3888,2012-11-05,0
3889,2012-11-05,0
3890,2012-11-05,0
3891,2012-11-05,0
3892,2012-11-05,0
3893,2012-11-05,0
3894,2012-11-04,0
3895,2012-11-02,-1
3896,2012-11-02,0
3897,2012-11-02,0
3898,2012-11-02,0
3899,2012-11-02,0
3900,2012-11-02,0
3901,2012-11-02,0
3902,2012-11-02,0
3903,2012-11-02,0
3904,2012-11-02,0
3905,2012-11-02,0
3906,2012-11-02,0
3908,2012-11-01,0
3909,2012-11-01,0
3910,2012-11-01,0
3911,2012-11-01,0
3912,2012-11-01,0
3913,2012-10-31,0
3914,2012-10-31,0
3915,2012-10-31,1
3916,2012-10-31,0
3917,2012-10-31,0
3918,2012-10-31,0
3919,2012-10-31,0
3920,2012-10-31,0
3921,2012-10-31,1
3922,2012-10-31,1
3923,2012-10-31,0
3924,2012-10-31,1
3925,2012-10-30,0
3926,2012-10-30,0
3927,2012-10-30,0
3928,2012-10-30,0
3929,2012-10-30,0
3930,2012-10-30,0
3931,2012-10-29,-1
3932,2012-10-29,-1
3933,2012-10-29,0
3934,2012-10-29,0
3935,2012-10-29,1
3936,2012-10-29,0
3937,2012-10-29,0
3938,2012-10-29,0
3939,2012-10-29,0
3940,2012-10-29,0
3941,2012-10-29,0
3942,2012-10-29,0
3943,2012-10-28,0
3944,2012-10-28,0
3945,2012-10-27,0
3946,2012-10-26,-1
3947,2012-10-26,0
3948,2012-10-26,0
3949,2012-10-26,0
3950,2012-10-26,0
3951,2012-10-26,0
3952,2012-10-26,0
3953,2012-10-26,0
3954,2012-10-25,-1
3955,2012-10-25,0
3956,2012-10-25,0
3957,2012-10-25,0
3958,2012-10-25,0
3959,2012-10-25,0
3960,2012-10-25,0
3961,2012-10-25,0
3962,2012-10-25,0
3963,2012-10-25,0
3964,2012-10-25,0
3965,2012-10-25,0
3966,2012-10-24,-1
3967,2012-10-24,0
3968,2012-10-24,0
3969,2012-10-24,0
3970,2012-10-24,0
3971,2012-10-23,1
3972,2012-10-23,-1
3973,2012-10-23,0
3974,2012-10-23,0
3975,2012-10-23,0
3976,2012-10-22,0
3977,2012-10-22,0
3978,2012-10-22,0
3979,2012-10-21,0
3980,2012-10-19,0
3981,2012-10-19,0
3982,2012-10-19,0
3983,2012-10-19,0
3984,2012-10-18,0
3985,2012-10-18,0
3986,2012-10-18,0
3987,2012-10-18,0
3988,2012-10-18,0
3989,2012-10-18,0
3990,2012-10-18,0
3991,2012-10-18,0
3992,2012-10-18,0
3993,2012-10-18,0
3994,2012-10-18,0
3995,2012-10-18,0
3996,2012-10-18,0
3997,2012-10-18,0
3998,2012-10-18,0
3999,2012-10-18,1
4000,2012-10-18,0
4001,2012-10-18,0
4002,2012-10-18,0
4003,2012-10-17,0
4005,2012-10-17,0
4006,2012-10-17,0
4007,2012-10-17,0
4008,2012-10-17,0
4009,2012-10-17,1
4010,2012-10-17,0
4011,2012-10-16,0
4012,2012-10-16,1
4013,2012-10-16,1
4014,2012-10-16,0
4015,2012-10-16,0
4016,2012-10-16,0
4017,2012-10-16,0
4018,2012-10-16,0
4019,2012-10-15,0
4020,2012-10-15,0
4021,2012-10-15,0
4022,2012-10-15,0
4023,2012-10-12,0
4024,2012-10-12,-1
4025,2012-10-11,1
4026,2012-10-11,0
4027,2012-10-10,0
4028,2012-10-10,0
4029,2012-10-10,0
4030,2012-10-10,1
4031,2012-10-10,1
4032,2012-10-10,0
4033,2012-10-10,0
4034,2012-10-09,0
4035,2012-10-09,0
4036,2012-10-09,0
4037,2012-10-09,0
4038,2012-10-09,0
4039,2012-10-09,0
4040,2012-10-08,0
4041,2012-10-08,0
4042,2012-10-08,0
4043,2012-10-05,0
4044,2012-10-04,1
4045,2012-10-04,0
4046,2012-10-04,1
4047,2012-10-04,1
4048,2012-10-04,1
4049,2012-10-04,0
4050,2012-10-04,0
4051,2012-10-04,0
4052,2012-10-04,1
4053,2012-10-03,1
4054,2012-10-03,0
4055,2012-10-03,0
4056,2012-10-03,1
4057,2012-10-03,0
4058,2012-10-02,-1
4059,2012-10-02,1
4060,2012-10-02,0
4061,2012-10-02,0
4062,2012-10-01,0
4063,2012-10-01,0
4064,2012-10-01,0
4065,2012-10-01,0
4066,2012-09-30,0
4067,2012-09-30,0
4068,2012-09-27,0
4069,2012-09-26,0
4070,2012-09-26,0
4071,2012-09-26,0
4072,2012-09-26,0
4073,2012-09-25,0
4074,2012-09-25,0
4075,2012-09-25,1
4076,2012-09-25,0
4077,2012-09-25,0
4078,2012-09-25,0
4079,2012-09-24,0
4080,2012-09-24,1
4081,2012-09-24,0
4082,2012-09-21,0
4083,2012-09-20,0
4084,2012-09-20,0
4085,2012-09-20,0
4086,2012-09-20,1
4087,2012-09-19,0
4088,2012-09-19,0
4089,2012-09-19,0
4090,2012-09-19,0
4091,2012-09-19,0
4092,2012-09-19,0
4093,2012-09-19,0
4094,2012-09-18,0
4095,2012-09-18,0
4096,2012-09-18,1
4097,2012-09-18,1
4098,2012-09-18,0
4099,2012-09-18,0
4100,2012-09-18,0
4101,2012-09-18,0
4102,2012-09-17,0
4103,2012-09-17,0
4104,2012-09-17,1
4105,2012-09-14,0
4106,2012-09-14,0
4107,2012-09-14,0
4108,2012-09-14,0
4109,2012-09-14,0
4110,2012-09-14,0
4111,2012-09-13,0
4112,2012-09-13,0
4113,2012-09-13,0
4114,2012-09-13,0
4115,2012-09-13,0
4116,2012-09-12,0
4117,2012-09-12,1
4118,2012-09-12,1
4119,2012-09-12,1
4120,2012-09-12,1
4121,2012-09-12,1
4122,2012-09-12,1
4123,2012-09-12,1
4124,2012-09-12,1
4125,2012-09-12,0
4126,2012-09-12,0
4127,2012-09-12,0
4128,2012-09-12,0
4129,2012-09-12,0
4130,2012-09-12,0
4131,2012-09-12,0
4132,2012-09-11,-1
4133,2012-09-11,1
4134,2012-09-11,-1
4135,2012-09-11,1
4136,2012-09-11,1
4137,2012-09-11,1
4138,2012-09-11,1
4139,2012-09-11,1
4140,2012-09-11,0
4141,2012-09-11,0
4142,2012-09-11,0
4143,2012-09-11,0
4144,2012-09-11,-1
4145,2012-09-10,0
4146,2012-09-10,0
4147,2012-09-10,1
4148,2012-09-10,0
4149,2012-09-10,1
4150,2012-09-07,0
4151,2012-09-06,0
4152,2012-09-06,0
4153,2012-09-06,0
4154,2012-09-06,0
4155,2012-09-05,-1
4156,2012-09-05,-1
4157,2012-09-05,-1
4158,2012-09-05,-1
4159,2012-09-05,-1
4160,2012-09-05,-1
4161,2012-09-05,-1
4162,2012-09-05,-1
4163,2012-09-05,0
4164,2012-09-05,-1
4165,2012-09-05,0
4166,2012-09-05,1
4167,2012-09-05,0
4168,2012-09-05,0
4169,2012-09-05,0
4170,2012-09-04,0
4171,2012-09-04,0
4172,2012-09-04,0
4173,2012-09-04,0
4174,2012-09-04,0
4175,2012-09-04,0
4176,2012-09-04,0
4177,2012-09-04,0
4178,2012-09-03,0
4179,2012-09-03,0
4180,2012-08-31,-1
4181,2012-08-31,-1
4182,2012-08-31,-1
4183,2012-08-31,-1
4184,2012-08-31,-1
4185,2012-08-31,0
4186,2012-08-31,0
4187,2012-08-30,0
4188,2012-08-30,0
4189,2012-08-29,0
4190,2012-08-29,0
4191,2012-08-29,0
4192,2012-08-29,1
4193,2012-08-29,0
4194,2012-08-28,1
4195,2012-08-28,0
4196,2012-08-28,0
4197,2012-08-28,1
4198,2012-08-28,0
4199,2012-08-27,-1
4200,2012-08-27,0
4201,2012-08-27,0
4202,2012-08-27,0
4203,2012-08-27,0
4204,2012-08-27,0
4205,2012-08-25,0
4206,2012-08-25,0
4207,2012-08-23,0
4208,2012-08-23,1
4209,2012-08-22,0
4210,2012-08-22,0
4211,2012-08-22,0
4212,2012-08-22,1
4213,2012-08-22,0
4214,2012-08-21,0
4215,2012-08-20,0
4216,2012-08-20,0
4217,2012-08-20,0
4218,2012-08-20,0
4219,2012-08-17,0
4220,2012-08-17,1
4221,2012-08-17,0
4222,2012-08-17,1
4223,2012-08-17,0
4224,2012-08-17,1
4225,2012-08-17,0
4226,2012-08-17,1
4227,2012-08-17,1
4228,2012-08-17,1
4229,2012-08-16,0
4230,2012-08-15,0
4231,2012-08-15,0
4232,2012-08-15,0
4233,2012-08-15,0
4234,2012-08-14,0
4235,2012-08-14,0
4236,2012-08-14,0
4237,2012-08-13,0
4238,2012-08-13,0
4239,2012-08-13,0
4240,2012-08-10,0
4241,2012-08-10,0
4242,2012-08-09,0
4243,2012-08-08,0
4244,2012-08-08,0
4245,2012-08-08,0
4246,2012-08-07,0
4247,2012-08-07,0
4248,2012-08-07,0
4249,2012-08-07,1
4250,2012-08-07,0
4251,2012-08-07,0
4252,2012-08-06,0
4253,2012-08-05,0
4254,2012-08-05,1
4255,2012-08-03,0
4256,2012-08-03,0
4257,2012-08-03,0
4258,2012-08-02,0
4259,2012-08-02,0
4260,2012-08-02,0
4261,2012-08-02,0
4262,2012-08-02,1
4263,2012-08-02,0
4264,2012-08-02,0
4265,2012-08-01,0
4266,2012-08-01,0
4267,2012-08-01,0
4268,2012-08-01,0
4269,2012-07-31,-1
4270,2012-07-31,0
4271,2012-07-31,0
4272,2012-07-31,0
4273,2012-07-31,0
4274,2012-07-31,0
4275,2012-07-31,0
4276,2012-07-31,0
4277,2012-07-30,-1
4278,2012-07-30,0
4279,2012-07-30,0
4280,2012-07-27,-1
4281,2012-07-27,0
4282,2012-07-26,-1
4283,2012-07-26,0
4284,2012-07-26,0
4285,2012-07-26,0
4286,2012-07-26,0
4287,2012-07-26,0
4288,2012-07-25,0
4289,2012-07-25,-1
4290,2012-07-25,0
4291,2012-07-25,0
4292,2012-07-25,0
4293,2012-07-25,0
4294,2012-07-25,0
4295,2012-07-25,0
4296,2012-07-24,0
4297,2012-07-24,0
4298,2012-07-24,0
4299,2012-07-24,0
4300,2012-07-24,0
4301,2012-07-24,0
4302,2012-07-24,0
4303,2012-07-23,0
4304,2012-07-23,0
4305,2012-07-23,0
4306,2012-07-23,0
4307,2012-07-23,0
4308,2012-07-23,1
4309,2012-07-23,0
4310,2012-07-23,0
4311,2012-07-20,0
4312,2012-07-20,0
4313,2012-07-20,0
4314,2012-07-20,0
4315,2012-07-20,0
4316,2012-07-20,0
4317,2012-07-20,0
4318,2012-07-19,0
4319,2012-07-19,0
4320,2012-07-19,0
4321,2012-07-19,0
4322,2012-07-19,0
4323,2012-07-19,0
4324,2012-07-19,0
4325,2012-07-19,0
4326,2012-07-19,0
4327,2012-07-19,0
4328,2012-07-19,0
4329,2012-07-19,0
4330,2012-07-19,0
4331,2012-07-19,0
4332,2012-07-19,0
4333,2012-07-18,0
4334,2012-07-18,0
4335,2012-07-18,0
4336,2012-07-18,0
4337,2012-07-18,0
4338,2012-07-18,0
4339,2012-07-17,0
4340,2012-07-17,0
4341,2012-07-17,0
4342,2012-07-17,0
4343,2012-07-17,1
4344,2012-07-17,0
4345,2012-07-17,0
4346,2012-07-17,0
4347,2012-07-16,1
4348,2012-07-16,0
4349,2012-07-16,0
4350,2012-07-16,0
4351,2012-07-16,0
4352,2012-07-16,0
4353,2012-07-16,0
4354,2012-07-15,0
4355,2012-07-13,0
4356,2012-07-13,0
4357,2012-07-13,0
4358,2012-07-13,0
4359,2012-07-13,0
4360,2012-07-13,0
4361,2012-07-12,0
4362,2012-07-12,0
4363,2012-07-12,0
4364,2012-07-12,0
4365,2012-07-12,0
4366,2012-07-12,0
4367,2012-07-12,0
4368,2012-07-11,0
4369,2012-07-11,1
4370,2012-07-11,0
4371,2012-07-11,0
4373,2012-07-11,0
4374,2012-07-11,0
4375,2012-07-10,0
4376,2012-07-10,0
4377,2012-07-10,0
4378,2012-07-10,0
4379,2012-07-10,0
4380,2012-07-10,0
4381,2012-07-10,0
4382,2012-07-10,0
4383,2012-07-10,1
4384,2012-07-10,0
4385,2012-07-10,0
4386,2012-07-09,0
4387,2012-07-09,0
4388,2012-07-09,0
4389,2012-07-09,0
4390,2012-07-09,0
4391,2012-07-09,1
4392,2012-07-09,0
4393,2012-07-09,1
4394,2012-07-09,0
4395,2012-07-09,0
4396,2012-07-09,0
4397,2012-07-09,0
4398,2012-07-09,1
4399,2012-07-08,0
4400,2012-07-06,0
4401,2012-07-05,1
4402,2012-07-05,0
4403,2012-07-03,0
4404,2012-07-03,0
4405,2012-07-03,0
4406,2012-07-03,0
4407,2012-07-03,0
4408,2012-07-03,0
4409,2012-07-03,0
4410,2012-07-03,0
4411,2012-07-03,0
4412,2012-07-02,0
4413,2012-07-02,0
4414,2012-07-02,0
4415,2012-07-02,0
4416,2012-07-02,0
4417,2012-07-02,0
4418,2012-07-02,1
4419,2012-07-02,0
4420,2012-07-02,0
4421,2012-06-30,0
4422,2012-06-29,0
4423,2012-06-29,0
4424,2012-06-29,0
4425,2012-06-29,0
4426,2012-06-29,0
4427,2012-06-29,0
4428,2012-06-29,0
4429,2012-06-29,0
4430,2012-06-28,0
4431,2012-06-28,0
4432,2012-06-28,0
4433,2012-06-28,0
4434,2012-06-28,0
4435,2012-06-28,0
4436,2012-06-27,0
4437,2012-06-27,0
4438,2012-06-27,0
4439,2012-06-27,0
4440,2012-06-27,0
4441,2012-06-27,-1
4442,2012-06-26,0
4443,2012-06-26,1
4444,2012-06-26,0
4445,2012-06-26,0
4446,2012-06-26,0
4447,2012-06-26,0
4448,2012-06-26,0
4449,2012-06-25,1
4450,2012-06-25,0
4451,2012-06-25,1
4452,2012-06-25,1
4453,2012-06-25,1
4454,2012-06-25,1
4455,2012-06-25,0
4456,2012-06-25,0
4457,2012-06-25,0
4458,2012-06-25,0
4459,2012-06-25,0
4460,2012-06-25,0
4461,2012-06-25,0
4462,2012-06-25,0
4463,2012-06-25,0
4464,2012-06-25,0
4465,2012-06-22,0
4466,2012-06-22,0
4467,2012-06-21,0
4468,2012-06-21,0
4469,2012-06-21,0
4470,2012-06-20,0
4471,2012-06-20,0
4472,2012-06-20,0
4473,2012-06-20,0
4474,2012-06-20,0
4475,2012-06-20,0
4476,2012-06-20,1
4477,2012-06-19,0
4478,2012-06-19,0
4479,2012-06-19,0
4480,2012-06-19,0
4481,2012-06-19,0
4482,2012-06-19,0
4483,2012-06-18,1
4484,2012-06-18,0
4485,2012-06-18,0
4486,2012-06-18,0
4487,2012-06-15,0
4488,2012-06-15,0
4489,2012-06-15,0
4490,2012-06-15,0
4491,2012-06-15,0
4492,2012-06-15,0
4493,2012-06-15,1
4494,2012-06-15,0
4495,2012-06-15,0
4496,2012-06-14,0
4497,2012-06-14,1
4498,2012-06-14,0
4499,2012-06-14,0
4500,2012-06-14,0
4501,2012-06-14,0
4502,2012-06-14,0
4503,2012-06-13,0
4504,2012-06-13,0
4505,2012-06-13,1
4506,2012-06-13,0
4507,2012-06-13,0
4508,2012-06-12,0
4509,2012-06-12,0
4510,2012-06-12,0
4511,2012-06-12,0
4512,2012-06-12,0
4513,2012-06-12,0
4514,2012-06-12,1
4515,2012-06-12,0
4516,2012-06-12,0
4517,2012-06-11,0
4518,2012-06-11,0
4519,2012-06-11,0
4520,2012-06-11,0
4521,2012-06-11,0
4522,2012-06-11,0
4523,2012-06-11,1
4524,2012-06-11,0
4525,2012-06-11,0
4526,2012-06-11,0
4527,2012-06-08,0
4528,2012-06-08,0
4529,2012-06-07,0
4530,2012-06-07,0
4531,2012-06-07,0
4532,2012-06-07,0
4533,2012-06-07,0
4534,2012-06-07,0
4535,2012-06-07,1
4536,2012-06-06,0
4537,2012-06-06,-1
4538,2012-06-06,0
4539,2012-06-06,0
4540,2012-06-06,1
4541,2012-06-06,0
4542,2012-06-05,1
4543,2012-06-05,0
4544,2012-06-05,1
4545,2012-06-05,0
4546,2012-06-05,0
4547,2012-06-05,0
4548,2012-06-05,0
4549,2012-06-04,0
4550,2012-06-04,0
4551,2012-06-04,0
4552,2012-06-04,0
4553,2012-06-04,1
4554,2012-06-04,0
4555,2012-06-04,0
4556,2012-06-04,0
4557,2012-06-04,0
4558,2012-06-04,0
4559,2012-06-04,0
4560,2012-06-01,1
4561,2012-06-01,1
4562,2012-06-01,1
4563,2012-06-01,0
4564,2012-06-01,0
4565,2012-05-31,0
4566,2012-05-31,0
4567,2012-05-31,0
4568,2012-05-31,0
4569,2012-05-30,0
4570,2012-05-30,0
4571,2012-05-29,0
4572,2012-05-29,0
4573,2012-05-29,0
4574,2012-05-25,0
4575,2012-05-24,1
4576,2012-05-24,0
4577,2012-05-24,0
4578,2012-05-24,0
4579,2012-05-24,0
4580,2012-05-23,0
4581,2012-05-23,1
4582,2012-05-22,-1
4583,2012-05-22,0
4584,2012-05-22,0
4585,2012-05-22,0
4586,2012-05-22,0
4587,2012-05-22,0
4588,2012-05-21,0
4589,2012-05-18,0
4590,2012-05-18,0
4591,2012-05-18,0
4592,2012-05-18,0
4593,2012-05-17,0
4594,2012-05-17,0
4595,2012-05-17,0
4596,2012-05-16,0
4597,2012-05-16,1
4598,2012-05-16,0
4599,2012-05-16,1
4600,2012-05-16,0
4601,2012-05-16,1
4602,2012-05-16,0
4603,2012-05-16,1
4604,2012-05-16,0
4605,2012-05-16,1
4606,2012-05-16,1
4607,2012-05-16,0
4608,2012-05-16,0
4609,2012-05-16,0
4610,2012-05-16,0
4611,2012-05-16,0
4612,2012-05-16,0
4613,2012-05-16,0
4614,2012-05-16,0
4615,2012-05-16,0
4616,2012-05-15,0
4617,2012-05-15,0
4618,2012-05-15,0
4619,2012-05-14,0
4620,2012-05-14,0
4621,2012-05-14,0
4622,2012-05-11,0
4623,2012-05-10,0
4624,2012-05-10,0
4625,2012-05-10,0
4626,2012-05-10,0
4627,2012-05-10,0
4628,2012-05-10,0
4629,2012-05-10,0
4630,2012-05-09,1
4631,2012-05-09,0
4632,2012-05-09,0
4633,2012-05-09,0
4634,2012-05-09,0
4635,2012-05-08,0
4636,2012-05-08,0
4637,2012-05-08,-1
4638,2012-05-08,0
4639,2012-05-08,0
4640,2012-05-08,0
4641,2012-05-08,1
4642,2012-05-07,0
4643,2012-05-07,0
4644,2012-05-07,0
4645,2012-05-07,0
4646,2012-05-04,0
4647,2012-05-04,0
4648,2012-05-03,0
4649,2012-05-03,1
4650,2012-05-03,0
4651,2012-05-03,0
4652,2012-05-03,0
4653,2012-05-03,0
4654,2012-05-02,1
4655,2012-05-02,0
4656,2012-05-02,0
4657,2012-05-01,-1
4658,2012-05-01,-1
4659,2012-05-01,0
4660,2012-05-01,0
4661,2012-05-01,1
4662,2012-05-01,1
4663,2012-04-30,-1
4664,2012-04-30,0
4665,2012-04-30,0
4666,2012-04-30,0
4667,2012-04-30,0
4668,2012-04-30,0
4669,2012-04-30,0
4670,2012-04-30,1
4671,2012-04-30,0
4672,2012-04-27,-1
4673,2012-04-27,0
4674,2012-04-27,0
4675,2012-04-26,-1
4676,2012-04-26,0
4677,2012-04-26,0
4678,2012-04-26,0
4679,2012-04-25,-1
4680,2012-04-25,0
4681,2012-04-25,0
4682,2012-04-25,0
4683,2012-04-25,0
4684,2012-04-25,0
4685,2012-04-25,0
4686,2012-04-24,0
4687,2012-04-24,0
4688,2012-04-24,0
4689,2012-04-24,0
4690,2012-04-24,0
4691,2012-04-24,-1
4692,2012-04-24,0
4693,2012-04-24,0
4694,2012-04-24,0
4695,2012-04-24,1
4696,2012-04-24,0
4697,2012-04-24,1
4698,2012-04-23,0
4699,2012-04-23,0
4700,2012-04-23,0
4701,2012-04-23,0
4702,2012-04-23,0
4703,2012-04-23,0
4704,2012-04-23,0
4705,2012-04-20,0
4706,2012-04-20,0
4707,2012-04-19,0
4708,2012-04-19,0
4709,2012-04-19,0
4710,2012-04-19,0
4711,2012-04-19,0
4712,2012-04-19,0
4713,2012-04-19,0
4714,2012-04-19,0
4715,2012-04-19,0
4716,2012-04-19,0
4717,2012-04-19,0
4718,2012-04-19,0
4719,2012-04-19,0
4720,2012-04-19,0
4721,2012-04-19,0
4722,2012-04-19,0
4723,2012-04-18,0
4724,2012-04-18,0
4725,2012-04-18,0
4726,2012-04-17,0
4727,2012-04-17,0
4728,2012-04-17,0
4729,2012-04-17,0
4730,2012-04-17,0
4731,2012-04-16,0
4732,2012-04-16,0
4733,2012-04-16,0
4734,2012-04-16,0
4735,2012-04-16,1
4736,2012-04-13,0
4737,2012-04-13,1
4738,2012-04-13,0
4739,2012-04-12,0
4740,2012-04-12,0
4741,2012-04-12,0
4742,2012-04-12,0
4743,2012-04-12,0
4744,2012-04-12,0
4745,2012-04-12,0
4746,2012-04-12,0
4747,2012-04-11,0
4748,2012-04-11,0
4749,2012-04-11,0
4750,2012-04-11,0
4751,2012-04-10,0
4752,2012-04-10,0
4753,2012-04-10,0
4754,2012-04-10,0
4755,2012-04-10,0
4756,2012-04-10,0
4757,2012-04-10,0
4758,2012-04-10,0
4759,2012-04-10,0
4760,2012-04-09,0
4761,2012-04-09,0
4762,2012-04-09,0
4763,2012-04-09,0
4764,2012-04-09,0
4765,2012-04-09,0
4766,2012-04-09,0
4767,2012-04-09,0
4768,2012-04-08,0
4769,2012-04-06,0
4770,2012-04-05,0
4771,2012-04-05,0
4772,2012-04-04,0
4773,2012-04-04,1
4774,2012-04-04,0
4775,2012-04-04,0
4776,2012-04-04,0
4777,2012-04-03,0
4778,2012-04-03,0
4779,2012-04-03,1
4780,2012-04-03,0
4781,2012-04-03,0
4782,2012-04-02,0
4783,2012-04-02,0
4784,2012-04-02,0
4785,2012-04-01,0
4786,2012-03-30,0
4787,2012-03-30,0
4788,2012-03-29,0
4789,2012-03-29,0
4790,2012-03-29,0
4791,2012-03-29,0
4792,2012-03-29,0
4793,2012-03-29,0
4794,2012-03-28,0
4795,2012-03-28,0
4796,2012-03-28,0
4797,2012-03-28,0
4798,2012-03-27,0
4799,2012-03-27,0
4800,2012-03-27,-1
4801,2012-03-27,0
4802,2012-03-27,0
4803,2012-03-27,0
4804,2012-03-27,0
4805,2012-03-26,0
4806,2012-03-26,0
4807,2012-03-26,0
4808,2012-03-26,0
4809,2012-03-26,0
4810,2012-03-26,0
4811,2012-03-26,0
4812,2012-03-26,0
4813,2012-03-26,0
4814,2012-03-22,0
4815,2012-03-22,0
4816,2012-03-22,0
4817,2012-03-21,0
4818,2012-03-21,0
4819,2012-03-21,0
4820,2012-03-20,0
4821,2012-03-20,0
4822,2012-03-20,0
4823,2012-03-20,0
4824,2012-03-20,1
4825,2012-03-20,0
4826,2012-03-20,0
4827,2012-03-20,0
4828,2012-03-20,-1
4829,2012-03-20,0
4830,2012-03-20,0
4831,2012-03-19,0
4832,2012-03-19,0
4833,2012-03-19,0
4834,2012-03-19,0
4835,2012-03-19,0
4836,2012-03-16,1
4837,2012-03-16,0
4838,2012-03-15,0
4839,2012-03-15,0
4840,2012-03-15,0
4841,2012-03-15,0
4842,2012-03-15,0
4843,2012-03-14,0
4844,2012-03-13,1
4845,2012-03-13,0
4846,2012-03-13,0
4847,2012-03-13,0
4848,2012-03-13,0
4849,2012-03-12,0
4850,2012-03-12,0
4851,2012-03-12,0
4852,2012-03-12,0
4853,2012-03-09,0
4854,2012-03-09,0
4855,2012-03-09,0
4856,2012-03-09,0
4857,2012-03-09,0
4858,2012-03-08,0
4859,2012-03-08,0
4860,2012-03-08,0
4861,2012-03-07,0
4862,2012-03-07,0
4863,2012-03-06,0
4864,2012-03-06,0
4865,2012-03-06,0
4866,2012-03-06,0
4867,2012-03-06,0
4868,2012-03-06,0
4869,2012-03-06,0
4870,2012-03-06,1
4871,2012-03-06,0
4872,2012-03-05,0
4873,2012-03-05,0
4874,2012-03-02,-1
4875,2012-03-02,0
4876,2012-03-01,0
4877,2012-02-29,0
4878,2012-02-29,0
4879,2012-02-29,0
4880,2012-02-29,1
4881,2012-02-28,0
4882,2012-02-28,0
4883,2012-02-28,0
4884,2012-02-28,0
4885,2012-02-28,0
4886,2012-02-28,0
4887,2012-02-28,0
4888,2012-02-28,0
4889,2012-02-27,0
4890,2012-02-27,0
4891,2012-02-27,0
4892,2012-02-27,0
4893,2012-02-27,0
4894,2012-02-24,0
4895,2012-02-24,0
4896,2012-02-24,0
4897,2012-02-24,0
4898,2012-02-23,0
4899,2012-02-22,0
4900,2012-02-22,0
4901,2012-02-21,0
4902,2012-02-21,0
4903,2012-02-21,0
4904,2012-02-21,0
4905,2012-02-21,0
4906,2012-02-20,1
4907,2012-02-20,0
4908,2012-02-20,0
4909,2012-02-19,0
4910,2012-02-17,0
4911,2012-02-17,0
4912,2012-02-17,1
4913,2012-02-16,0
4914,2012-02-15,0
4915,2012-02-15,0
4916,2012-02-15,0
4917,2012-02-14,1
4918,2012-02-14,0
4919,2012-02-14,0
4920,2012-02-14,0
4921,2012-02-14,0
4922,2012-02-14,0
4923,2012-02-13,0
4924,2012-02-13,0
4925,2012-02-13,0
4926,2012-02-13,0
4927,2012-02-10,-1
4928,2012-02-10,0
4929,2012-02-10,0
4930,2012-02-09,1
4931,2012-02-09,0
4932,2012-02-09,0
4933,2012-02-08,0
4934,2012-02-08,0
4935,2012-02-08,0
4936,2012-02-08,0
4937,2012-02-08,0
4938,2012-02-08,0
4939,2012-02-08,0
4940,2012-02-07,0
4941,2012-02-07,0
4942,2012-02-07,0
4943,2012-02-07,0
4944,2012-02-06,0
4945,2012-02-06,1
4946,2012-02-06,0
4947,2012-02-06,0
4948,2012-02-06,0
4949,2012-02-05,0
4950,2012-02-03,-1
4951,2012-02-03,0
4952,2012-02-02,0
4953,2012-02-02,0
4954,2012-02-02,0
4955,2012-02-02,0
4956,2012-02-02,0
4957,2012-02-02,0
4958,2012-02-01,1
4959,2012-02-01,0
4960,2012-02-01,1
4961,2012-02-01,1
4962,2012-02-01,0
4963,2012-02-01,1
4964,2012-02-01,1
4965,2012-02-01,0
4966,2012-02-01,0
4967,2012-02-01,0
4968,2012-02-01,0
4969,2012-01-31,-1
4970,2012-01-31,0
4971,2012-01-31,0
4972,2012-01-31,0
4973,2012-01-30,-1
4974,2012-01-30,0
4975,2012-01-30,0
4976,2012-01-30,0
4977,2012-01-30,0
4978,2012-01-30,0
4979,2012-01-27,-1
4980,2012-01-27,0
4981,2012-01-27,0
4982,2012-01-27,0
4983,2012-01-27,0
4984,2012-01-27,0
4985,2012-01-26,-1
4986,2012-01-26,-1
4987,2012-01-26,-1
4988,2012-01-26,0
4989,2012-01-26,0
4990,2012-01-26,0
4991,2012-01-26,0
4992,2012-01-26,0
4993,2012-01-25,0
4994,2012-01-25,0
4995,2012-01-25,0
4996,2012-01-25,1
4997,2012-01-24,-1
4998,2012-01-24,-1
4999,2012-01-24,0
5000,2012-01-24,0
5001,2012-01-24,0
5002,2012-01-24,0
5003,2012-01-24,0
5004,2012-01-24,0
5005,2012-01-24,0
5006,2012-01-24,1
5007,2012-01-23,0
5008,2012-01-23,0
5009,2012-01-23,0
5010,2012-01-23,0
5011,2012-01-23,0
5012,2012-01-23,0
5013,2012-01-23,0
5014,2012-01-23,0
5015,2012-01-23,0
5016,2012-01-19,0
5017,2012-01-19,0
5018,2012-01-19,0
5019,2012-01-19,0
5020,2012-01-19,0
5021,2012-01-19,0
5022,2012-01-19,0
5023,2012-01-19,0
5024,2012-01-19,0
5025,2012-01-19,0
5026,2012-01-19,0
5027,2012-01-19,0
5028,2012-01-19,0
5029,2012-01-19,-1
5030,2012-01-18,0
5031,2012-01-17,0
5032,2012-01-17,0
5033,2012-01-17,0
5034,2012-01-17,0
5035,2012-01-17,0
5036,2012-01-16,0
5037,2012-01-16,0
5038,2012-01-13,0
5039,2012-01-13,0
5040,2012-01-13,0
5041,2012-01-12,0
5042,2012-01-12,0
5043,2012-01-11,0
5044,2012-01-11,0
5045,2012-01-11,0
5046,2012-01-10,0
5047,2012-01-10,0
5048,2012-01-10,0
5049,2012-01-10,0
5050,2012-01-10,0
5051,2012-01-10,0
5052,2012-01-10,0
5053,2012-01-10,0
5054,2012-01-10,0
5055,2012-01-09,0
5056,2012-01-09,0
5057,2012-01-09,0
5058,2012-01-06,0
5059,2012-01-05,0
5060,2012-01-05,0
5061,2012-01-05,0
5062,2012-01-04,0
5063,2012-01-04,0
5064,2012-01-03,0
5065,2012-01-02,0
5066,2012-01-02,0
5067,2011-12-30,0
5068,2011-12-26,0
5069,2011-12-26,0
5070,2011-12-26,0
5071,2011-12-22,0
5072,2011-12-21,0
5073,2011-12-21,0
5074,2011-12-21,0
5075,2011-12-21,0
5076,2011-12-20,0
5077,2011-12-20,0
5078,2011-12-20,0
5079,2011-12-20,0
5080,2011-12-20,0
5081,2011-12-20,0
5082,2011-12-19,0
5083,2011-12-19,0
5084,2011-12-19,0
5085,2011-12-19,0
5086,2011-12-17,0
5087,2011-12-15,0
5088,2011-12-15,0
5089,2011-12-15,0
5090,2011-12-14,1
5091,2011-12-14,0
5092,2011-12-14,0
5093,2011-12-13,0
5094,2011-12-13,0
5095,2011-12-13,0
5096,2011-12-13,-1
5097,2011-12-12,0
5098,2011-12-12,0
5099,2011-12-12,0
5100,2011-12-12,0
5101,2011-12-09,0
5102,2011-12-09,0
5103,2011-12-09,0
5104,2011-12-09,0
5105,2011-12-09,-1
5106,2011-12-08,0
5107,2011-12-08,0
5108,2011-12-08,0
5109,2011-12-08,1
5110,2011-12-07,0
5111,2011-12-07,0
5112,2011-12-07,0
5113,2011-12-06,0
5114,2011-12-06,0
5115,2011-12-06,0
5116,2011-12-06,0
5117,2011-12-06,0
5118,2011-12-05,0
5119,2011-12-05,0
5120,2011-12-05,0
5121,2011-12-05,0
5122,2011-12-05,0
5123,2011-12-05,0
5124,2011-12-05,0
5125,2011-12-05,0
5126,2011-12-04,0
5127,2011-12-02,0
5128,2011-12-02,0
5129,2011-12-01,0
5130,2011-12-01,0
5131,2011-12-01,0
5132,2011-12-01,0
5133,2011-11-30,0
5134,2011-11-30,0
